operation,new_time,atr01/acc_x_mean,atr01/acc_x_var,atr01/acc_y_mean,atr01/acc_y_var,atr01/acc_z_mean,atr01/acc_z_var,atr02/acc_x_mean,atr02/acc_x_var,atr02/acc_y_mean,atr02/acc_y_var,atr02/acc_z_mean,atr02/acc_z_var,timestamp_mean,timestamp_var
900,1,0.9971292452830189,0.1169748040695698,0.47336179245283017,0.18967638009724572,-0.010953301886792454,0.10769347785634444,0.7514306603773585,0.5922194195768132,-0.4731674528301887,0.16014841794040063,-0.03326698113207547,0.17595357075292864,1642458549396.33,2.350030542540382e+19
900,2,0.9880877358490566,0.11622867217115264,0.4766094339622642,0.17007199261200034,-0.027081132075471696,0.12725259964231425,0.7904377358490566,0.7307664951569345,-0.44729245283018865,0.15979411577215416,-0.051475943396226416,0.1822773780441294,1642458549427.3208,2.3500305413768716e+19
900,3,0.9973094339622641,0.099219940763659,0.4421320754716981,0.14144124133595629,-0.03538632075471698,0.12154690355606719,0.7276801886792453,0.7148266668094434,-0.4295853773584906,0.17866158182307962,-0.05143301886792452,0.18867414724581957,1642458549458.3113,2.350030540213668e+19
900,4,0.9777056603773584,0.09187719958866136,0.4279367924528302,0.131608010867388,-0.055935377358490565,0.11115179357663416,0.750454245283019,0.5997188761430297,-0.40358254716981135,0.16817157102096925,-0.04060471698113208,0.17879107542788153,1642458549489.302,2.35003053904922e+19
900,5,0.9692716981132076,0.07775484478762408,0.40472924528301885,0.1458121992354467,-0.07979292452830189,0.12202026672695161,0.7440551886792452,0.5614957936696324,-0.3689990566037736,0.1696418042645087,-0.11354433962264152,0.11724766115264243,1642458549520.2925,2.3500305378860343e+19
900,6,0.9509061320754716,0.06721484910913887,0.3592877358490566,0.1553054552991148,-0.11402641509433963,0.09263746005722967,0.7362801886792453,0.5206105763829025,-0.3448306603773585,0.1703928013777609,-0.1454448113207547,0.13485948788764193,1642458549551.283,2.350030536722536e+19
900,7,0.9511514150943396,0.06999280753353304,0.3315556603773585,0.16507912646069925,-0.11170707547169811,0.08595538009188051,0.7173952830188679,0.47296411116247833,-0.31515141509433964,0.16660438819704013,-0.1661443396226415,0.14024376665027274,1642458549582.2737,2.3500305355586376e+19
900,8,0.9220495283018868,0.06601104298555845,0.27901603773584904,0.16527403064204585,-0.11701698113207548,0.09698758037378162,0.6872570754716981,0.41416557876486615,-0.27553254716981135,0.15382709168447645,-0.19224009433962264,0.13466196042273987,1642458549613.2642,2.350030534394851e+19
900,9,0.8890089622641509,0.061703497976169204,0.22985801886792454,0.16389966330032196,-0.11288962264150944,0.10020790719037828,0.6667231132075472,0.40185864406040417,-0.2372929245283019,0.15881505942837335,-0.1830504716981132,0.11479666687181438,1642458549644.2546,2.3500305332310323e+19
900,10,0.8689533018867924,0.051364383638335016,0.20706509433962267,0.16397461792273996,-0.13294716981132076,0.1030046766270231,0.6671825471698113,0.32601380808258074,-0.2081188679245283,0.16483604419207723,-0.20310235849056607,0.10475020222189921,1642458549675.2454,2.350030532067761e+19
900,11,0.8346094339622641,0.04629745706697667,0.16022877358490564,0.1689534570354556,-0.1583004716981132,0.09619509568698027,0.6808033018867924,0.3134671683776714,-0.18496037735849055,0.16829741491549693,-0.2181745283018868,0.11934643479835462,1642458549706.2358,2.350030530903888e+19
900,12,0.8161018867924528,0.04844098606277384,0.1386806603773585,0.17435934697017805,-0.14537499999999998,0.09614408662322273,0.638033962264151,0.2861202853813824,-0.15707830188679248,0.16684084075918804,-0.23895471698113208,0.09767501566484837,1642458549737.2263,2.350030529740282e+19
900,13,0.8090665094339622,0.06205972555553067,0.1172,0.17862171563981033,-0.1771443396226415,0.09653677034695518,0.6425339622641509,0.28619822045247245,-0.15172358490566037,0.17655988522310648,-0.25625141509433963,0.09843871881315391,1642458549768.217,2.350030528576517e+19
900,14,0.8001146226415095,0.048929357083743186,0.09036745283018868,0.17940185073660903,-0.1927806603773585,0.08692172061946701,0.6427792452830189,0.26313037482786383,-0.14211650943396226,0.1747931987308863,-0.23775235849056603,0.1027002735963069,1642458549799.2075,2.350030527412076e+19
900,15,0.7916995283018868,0.05486739720356793,0.07579669811320755,0.18249835795113112,-0.18577924528301887,0.08070410809800588,0.6252382075471699,0.25997864379392827,-0.12557924528301886,0.17430993369042289,-0.26702924528301886,0.09620620928284006,1642458549830.198,2.3500305262494642e+19
900,16,0.7940990566037736,0.048713831373513386,0.04628160377358491,0.1920145258685057,-0.20239198113207546,0.08749325040932662,0.6408594339622642,0.2750222319958867,-0.13227783018867925,0.17524043993271035,-0.2618495283018868,0.09856252478650633,1642458549861.1887,2.35003052508584e+19
900,17,0.7878882075471698,0.05307441914937854,0.034278301886792456,0.19934539658857195,-0.20095990566037733,0.08816966829003849,0.6285580188679245,0.27068984083586706,-0.12413301886792452,0.15709253217472943,-0.26140188679245285,0.0906479348779397,1642458549892.1792,2.3500305239217164e+19
900,18,0.7757867924528302,0.05622333660198519,0.01728396226415094,0.19428936173209332,-0.19585188679245283,0.08998005426182604,0.6374962264150944,0.26105016339801485,-0.11019858490566038,0.1568235183392202,-0.26626179245283016,0.09913709109250649,1642458549923.17,2.350030522758539e+19
900,19,0.7975221698113207,0.05750279206541183,-0.004355188679245282,0.18839390836157557,-0.2144882075471698,0.09066488208776718,0.6431867924528303,0.27513262863989973,-0.1149566037735849,0.16682475640168115,-0.2560047169811321,0.11069388812930343,1642458549954.1604,2.3500305215950586e+19
900,20,0.7928882075471698,0.05074643213516052,-0.02497735849056604,0.1883273356934633,-0.24498066037735847,0.08094064734932481,0.6450712264150943,0.33029882073213795,-0.10494952830188678,0.1558240656395869,-0.25545566037735845,0.10025648750335334,1642458549985.151,2.350030520431002e+19
900,21,0.8053792452830189,0.04775450345345615,-0.024753301886792454,0.19336137596060987,-0.22935188679245283,0.09177155748457481,0.6367061320754717,0.2864059200096128,-0.09084858490566036,0.15479469596955214,-0.2503910377358491,0.11599169247853885,1642458550016.1416,2.3500305192668566e+19
900,22,0.8038330188679245,0.04887243662970578,-0.030052830188679245,0.18889529463650181,-0.22629245283018867,0.09209651899490295,0.6237948113207546,0.28108292248479827,-0.08135896226415094,0.15969244205199856,-0.2669943396226415,0.10365880432799789,1642458550047.132,2.3500305181042475e+19
900,23,0.8102235849056604,0.03714881384869892,-0.04884669811320754,0.18513946752459104,-0.23581556603773585,0.08848795468546013,0.632102358490566,0.2964502557764017,-0.0823811320754717,0.16006831253330936,-0.25560613207547167,0.10308493678686394,1642458550078.1226,2.3500305169396605e+19
900,24,0.8167740566037737,0.041800248660243226,-0.05447783018867925,0.19258955756304189,-0.23231745283018868,0.09172104002570866,0.6387419811320755,0.3037349765704641,-0.08462216981132076,0.16306200457726006,-0.23579669811320755,0.0904418863871501,1642458550109.1133,2.35003051577608e+19
900,25,0.8177367924528302,0.047093145559331154,-0.04562547169811321,0.19545873271304667,-0.22239103773584906,0.10840630224157208,0.6369764150943396,0.30252671688187427,-0.08019433962264151,0.16530014906733437,-0.24388632075471697,0.09639310706317626,1642458550140.1038,2.3500305146127426e+19
900,26,0.814945754716981,0.0460337310245462,-0.04220424528301887,0.18562768950795858,-0.206725,0.09114977629146918,0.626291037735849,0.2938117418624251,-0.08645990566037735,0.1647487816549674,-0.2295075471698113,0.09591011899490298,1642458550171.0942,2.3500305134494355e+19
900,27,0.8144731132075471,0.04859030206988285,-0.04279056603773585,0.18607881175891977,-0.20051509433962264,0.08196814678529912,0.626993396226415,0.3137174231789323,-0.08858443396226416,0.1629865730740857,-0.23313301886792454,0.10192359947330777,1642458550202.085,2.3500305122856616e+19
900,28,0.8219797169811321,0.04314442077148352,-0.034065566037735855,0.1943754453015739,-0.20732075471698114,0.09006649236340877,0.6221169811320755,0.3018572643548242,-0.09763301886792453,0.16018753672449265,-0.22315801886792452,0.11318832026714655,1642458550233.0754,2.3500305111218356e+19
900,29,0.8334768867924529,0.04274882377604403,-0.02210377358490566,0.19473704083877313,-0.2136382075471698,0.0857618517560136,0.6348561320754716,0.29600391441719565,-0.10813962264150943,0.1563567190861128,-0.22476226415094339,0.10591848378252701,1642458550264.066,2.3500305099583525e+19
900,30,0.8146698113207548,0.04987458761513011,-0.002143396226415093,0.20294734028793696,-0.20848962264150944,0.10543641828042567,0.6391509433962265,0.2939679080085845,-0.11064056603773585,0.15025520810963056,-0.20949198113207548,0.11186462405861573,1642458550295.0566,2.350030508794503e+19
900,31,0.8329985849056604,0.054094892652016446,0.008349056603773585,0.2061472360654564,-0.22740377358490566,0.09455854226057407,0.636425,0.28603524245260664,-0.11403679245283019,0.14467857807117956,-0.20702405660377357,0.10640129065076456,1642458550326.047,2.3500305076303938e+19
900,32,0.8232240566037736,0.04306585453702045,0.014278301886792452,0.2040465353563445,-0.21786981132075472,0.08381847225967988,0.6625132075471698,0.2904145071233123,-0.1020245283018868,0.13139202517750168,-0.2312372641509434,0.102529366140347,1642458550357.0378,2.3500305064671896e+19
900,33,0.8240797169811321,0.04233669328333186,0.025246698113207545,0.19871107368572827,-0.21524386792452832,0.0815074937536886,0.6700721698113207,0.27916259140190475,-0.10091650943396227,0.12361039219060187,-0.22221179245283018,0.09802223554748278,1642458550388.0283,2.3500305053033427e+19
900,34,0.8250004716981133,0.03724447900451577,0.03060235849056604,0.18153151492332115,-0.21042924528301885,0.08612453430653669,0.6687905660377359,0.2840755519484935,-0.09541981132075471,0.12303499657247602,-0.22389009433962265,0.09355764307676831,1642458550419.0188,2.3500305041399583e+19
900,35,0.8569353773584906,0.04477092371881427,0.03483632075471699,0.1771583818499061,-0.21909433962264152,0.08518347949387463,0.6698957547169812,0.2792905860008496,-0.10185613207547169,0.12176949574420998,-0.23498632075471695,0.08697027692099613,1642458550450.0095,2.3500305029759783e+19
900,36,0.8297679245283018,0.04903425422695161,0.0491811320754717,0.16669335063757493,-0.22930141509433963,0.08136835796007331,0.6625433962264151,0.29579016701779487,-0.11264009433962265,0.12196078231847449,-0.2300306603773585,0.0910092014725476,1642458550481.0,2.3500305018122396e+19
900,37,0.8393943396226414,0.04132366157918268,0.05621179245283019,0.15948249990767235,-0.213375,0.08134008984597159,0.6587415094339623,0.2834851332451041,-0.11995707547169812,0.12315748208240178,-0.23550377358490565,0.09621429003308596,1642458550511.9905,2.350030500648787e+19
900,38,0.8408891509433962,0.038767667038138214,0.07346981132075471,0.15853424932129112,-0.18867358490566039,0.08962472119467053,0.6591254716981132,0.302172118874184,-0.13672735849056603,0.13373152351336848,-0.2348924528301887,0.09313309093803086,1642458550542.9812,2.3500304994852196e+19
900,39,0.8435382075471698,0.04940436104511314,0.0945995283018868,0.16136815985759642,-0.2011075471698113,0.09317655776267549,0.650027358490566,0.3123955487266387,-0.1541683962264151,0.14235292463627833,-0.22247877358490567,0.08703494793592947,1642458550573.9717,2.350030498321214e+19
900,40,0.8388070754716981,0.05311164862268621,0.11384528301886793,0.16390538666010918,-0.19220566037735848,0.10348218366449068,0.6675400943396226,0.3006812680056782,-0.1678811320754717,0.14681414258070288,-0.23024103773584909,0.09221181987190374,1642458550604.9622,2.350030497158046e+19
900,41,0.819831603773585,0.060852541034382555,0.1321188679245283,0.15374847660913893,-0.1624485849056604,0.11406066146718233,0.663775,0.31722009752369673,-0.1830174528301887,0.1503113165185996,-0.23619952830188679,0.08344942592394702,1642458550635.953,2.350030495993944e+19
900,42,0.8230103773584905,0.06373268529464367,0.14144669811320754,0.13857616534449613,-0.18132735849056605,0.10421713450862914,0.6695042452830189,0.32112637244634706,-0.191625,0.15580271420616126,-0.2515306603773585,0.0811937953114102,1642458550666.9434,2.3500304948306383e+19
900,43,0.830731603773585,0.05858652037087546,0.14968584905660376,0.13927950984619503,-0.1947929245283019,0.09667119734306537,0.6492316037735849,0.32637298729030667,-0.21676933962264153,0.16723784346306897,-0.2581504716981132,0.09317670326991856,1642458550697.934,2.3500304936669295e+19
900,44,0.818211320754717,0.06720039352052222,0.17127028301886793,0.13712490579518016,-0.1769740566037736,0.09380429273607264,0.6420915094339623,0.3238390277948673,-0.22973726415094342,0.1692346702161763,-0.25118443396226414,0.08489435070441748,1642458550728.9246,2.350030492503037e+19
900,45,0.8110099056603773,0.0641596102805598,0.20129905660377356,0.1397159245488688,-0.15571179245283018,0.11604381933895194,0.6473542452830189,0.3181327095079584,-0.24273018867924526,0.1752602850558884,-0.24842075471698113,0.08841942715013866,1642458550759.915,2.350030491339438e+19
900,46,0.8028693396226415,0.06021704080904051,0.2328188679245283,0.13511746646695874,-0.1674193396226415,0.10175954194648117,0.6461037735849056,0.31129078102834673,-0.24647594339622644,0.18325570638536182,-0.2639674528301887,0.1084736736749978,1642458550790.9058,2.35003049017612e+19
900,47,0.8046443396226415,0.05848370873558078,0.254936320754717,0.13565180602052215,-0.1619679245283019,0.10771030683358662,0.6671811320754717,0.2831752844764373,-0.24595754716981133,0.1940376581892158,-0.24420896226415095,0.08253641190981842,1642458550821.8962,2.350030489011708e+19
900,48,0.8013485849056603,0.05509521739135292,0.27312452830188677,0.13587828328176701,-0.1675297169811321,0.09884811982361623,0.6369915094339623,0.292122302297237,-0.2487561320754717,0.1952172454124564,-0.23638490566037734,0.08256656811231335,1642458550852.8867,2.350030487848563e+19
900,49,0.8147037735849056,0.07093149486720916,0.29129009433962266,0.1393146659203702,-0.1678193396226415,0.104607419576813,0.6509004716981133,0.2736895542651792,-0.2548683962264151,0.19452273117656266,-0.23563679245283017,0.07902286811857277,1642458550883.8774,2.350030486685186e+19
900,50,0.7926051886792452,0.051975385991907326,0.30326792452830187,0.13205642294733083,-0.14661509433962264,0.09359947702226595,0.6447731132075472,0.26368518974760785,-0.26507216981132076,0.18717413471944025,-0.22897028301886793,0.07128020693262095,1642458550914.868,2.3500304855215333e+19
900,51,0.7782061320754717,0.05900114370629529,0.3228155660377358,0.1419703634058392,-0.1450872641509434,0.0948790690787356,0.6234353773584905,0.292665471870473,-0.2737806603773585,0.1943228106668604,-0.22064198113207548,0.08648112168894745,1642458550945.8584,2.3500304843576623e+19
900,52,0.7707388625592417,0.05952870219679532,0.33519857819905213,0.15019457728368316,-0.14355355450236967,0.09733179068968628,0.6336018957345971,0.26189914656781765,-0.293421327014218,0.18767385968584963,-0.21377772511848342,0.08200285802527642,1642494514648.346,2.333670758028585e+19
900,53,0.7598957345971563,0.06001191574362447,0.34304976303317536,0.1449139521308959,-0.1377516587677725,0.09708351774723536,0.628942654028436,0.24222902626720821,-0.312039336492891,0.18983436763574815,-0.21738720379146917,0.08221369835928682,1642494514679.327,2.3336707568741786e+19
900,54,0.751342654028436,0.056957565886255945,0.3619644549763033,0.14826943858767766,-0.13756729857819905,0.09427816687790562,0.6279270142180096,0.24678936436199506,-0.31948909952606636,0.19522072554728054,-0.22228815165876778,0.07564527419228163,1642494514710.308,2.3336707557189267e+19
900,55,0.7493071090047394,0.05084669837779285,0.3750791469194313,0.1511876708011735,-0.14390189573459716,0.09201444171067485,0.6394421800947868,0.22560992092665308,-0.3438440758293839,0.19298512495283235,-0.21027582938388625,0.0792379168891898,1642494514741.289,2.333670754565014e+19
900,56,0.7229644549763034,0.044247993063868195,0.38162132701421797,0.15026372006680203,-0.11823601895734598,0.08821202726788534,0.6360189573459715,0.2141151347817648,-0.36295971563981044,0.1998651050837282,-0.21561895734597158,0.07410170344843153,1642494514772.2703,2.3336707534102344e+19
900,57,0.7301663507109005,0.050981365290905016,0.397624644549763,0.15038410167546828,-0.13554170616113745,0.09204158996659899,0.6487838862559242,0.25106018488196796,-0.37068957345971565,0.2119369436050553,-0.2161170616113744,0.07477070742180093,1642494514803.2512,2.33367075225568e+19
900,58,0.7223886255924171,0.04906491015572109,0.4181085308056872,0.15361294583164073,-0.12211421800947868,0.08997750313021885,0.626857345971564,0.24034597198149404,-0.3812838862559242,0.20318914040577737,-0.201421327014218,0.0761218857810878,1642494514834.2322,2.3336707511006077e+19
900,59,0.7288616113744076,0.052973275805010135,0.4533962085308057,0.15792769636650872,-0.11926872037914693,0.08999913920740236,0.6289781990521327,0.2612464676176936,-0.3769905213270142,0.20842533524306023,-0.1899132701421801,0.06452992115639809,1642494514865.2134,2.3336707499463516e+19
900,60,0.7194478672985781,0.06766361631685854,0.4786829383886256,0.19127809065989612,-0.1394085308056872,0.09327327049830741,0.6333857819905213,0.2675081337016474,-0.4028350710900474,0.2126222423832092,-0.18323222748815166,0.09621666705168136,1642494514896.1943,2.333670748791345e+19
900,61,0.7196701421800948,0.05563826981855113,0.49369999999999997,0.17345269285714282,-0.15691042654028436,0.09505460303362669,0.6086094786729858,0.2693899515287746,-0.4168644549763033,0.22375243106386816,-0.15652796208530806,0.10482773688106517,1642494514927.1753,2.333670747637444e+19
900,62,0.7284232227488152,0.07123361236289781,0.5158843601895735,0.18078413827804107,-0.15767772511848344,0.10433382983480029,0.627290047393365,0.257203513948093,-0.41969763033175356,0.22500592480388168,-0.1690516587677725,0.10267716412818775,1642494514958.1565,2.3336707464823804e+19
900,63,0.7173184834123222,0.07795712875197469,0.5294227488151659,0.1723310669085985,-0.1649559241706161,0.08754190523854657,0.6421161137440758,0.23562748412006335,-0.4307289099526066,0.24138044958880606,-0.19257962085308059,0.1445754017255699,1642494514989.1375,2.333670745328074e+19
900,64,0.6994450236966825,0.06366943629654703,0.5551146919431279,0.18160221278311894,-0.16407630331753556,0.098242960197698,0.6111853080568721,0.24052358754502362,-0.44459620853080567,0.25339598789031814,-0.17606777251184835,0.1059676736231099,1642494515020.1184,2.3336707441730814e+19
900,65,0.6891379146919431,0.04464321912705935,0.5737881516587677,0.17573639123990067,-0.1525004739336493,0.09417618604739338,0.6147123222748815,0.2337636035617242,-0.4680412322274881,0.2524125124346647,-0.1582568720379147,0.08638421713112163,1642494515051.0996,2.333670743018488e+19
900,66,0.6844668246445498,0.08184939651320246,0.6077279620853081,0.19731532250011283,-0.1306170616113744,0.15925772065989616,0.623690047393365,0.2359318798528548,-0.48588909952606635,0.2853117939282328,-0.1475616113744076,0.10164427723358156,1642494515082.0806,2.3336707418640368e+19
900,67,0.6952203791469194,0.07914391810652222,0.6174701421800948,0.1664298418185511,-0.14109052132701422,0.09968757457639352,0.6066327014218009,0.24563046173504852,-0.4747909952606635,0.26621593787090947,-0.1426739336492891,0.12163026955540511,1642494515113.0615,2.333670740709341e+19
900,68,0.6717890995260664,0.06227084669013764,0.6387781990521326,0.16490767933197925,-0.12530331753554502,0.10108250889370343,0.6093696682464455,0.2626934982184609,-0.48523981042654024,0.28071267478853534,-0.1288824644549763,0.11163322088151659,1642494515144.0427,2.3336707395548475e+19
900,69,0.6675118483412322,0.060970445906567396,0.6448052132701422,0.16687242135364483,-0.12946777251184835,0.10717085495644316,0.6127317535545023,0.22790347255833907,-0.4707867298578199,0.27543318106115994,-0.12914881516587678,0.10633487946287523,1642494515175.0237,2.3336707384000213e+19
900,70,0.6665976303317535,0.053815091184834137,0.6607857819905214,0.17156033627307604,-0.12878578199052132,0.12506583103498084,0.6013848341232227,0.24894546300699621,-0.4612549763033175,0.299447306391785,-0.12305118483412322,0.1100056426057323,1642494515206.0046,2.3336707372451127e+19
900,71,0.6515691943127963,0.07276237461791922,0.6610597156398104,0.15909911365515686,-0.12812464454976302,0.1324730837707064,0.6207710900473934,0.23583034416023463,-0.46974218009478674,0.30104872197427235,-0.1274696682464455,0.11332824440893703,1642494515236.9858,2.3336707360908153e+19
900,72,0.6455180094786729,0.08269455472173318,0.6545232227488151,0.13882552302956438,-0.11493270142180094,0.11633054916362005,0.6123611374407583,0.24580349829203338,-0.4758990521327014,0.2995682153324306,-0.1214090047393365,0.11056340768043324,1642494515267.9668,2.3336707349360996e+19
900,73,0.6507142180094787,0.09647715465402842,0.6602521327014218,0.13362920936447759,-0.11641042654028436,0.12069114779553149,0.5797327014218009,0.22611410563981046,-0.48768578199052137,0.30323922074926646,-0.11263364928909952,0.11023948433852412,1642494515298.9478,2.3336707337820307e+19
900,74,0.6410436018957346,0.08594177113744074,0.6703374407582939,0.12429049349627627,-0.10114691943127961,0.12030652697856012,0.580418009478673,0.24180274643601904,-0.4802265402843602,0.3100908508160684,-0.10240521327014217,0.10262231182983529,1642494515329.929,2.33367073262721e+19
900,75,0.6484341232227488,0.07216486463958473,0.6794289099526066,0.12404144016023473,-0.10732938388625592,0.1007169649419995,0.5768312796208531,0.20559262796930722,-0.47247725118483413,0.31198557071812233,-0.09492037914691942,0.13715373163033173,1642494515360.91,2.3336707314727703e+19
900,76,0.6468682464454977,0.07463196227262464,0.686160663507109,0.12958097525479578,-0.1041,0.09976904600000001,0.5902995260663507,0.22912386423786957,-0.4872739336492891,0.31967158869826234,-0.10709763033175355,0.1459682248038818,1642494515391.891,2.3336707303176413e+19
900,77,0.6582123222748816,0.1446244549902956,0.7125976303317536,0.15358400032769115,-0.10308862559241706,0.12571702377476865,0.5683488151658768,0.2122030154628752,-0.5149862559241706,0.3239218477625818,-0.10846398104265402,0.13780695326788533,1642494515422.872,2.333670729162864e+19
900,78,0.6231573459715639,0.09352890064816069,0.7151023696682464,0.11787952299435797,-0.07123744075829384,0.0956660995915143,0.5881080568720379,0.2970749353157302,-0.5244018957345972,0.3381392786630558,-0.0785478672985782,0.17893679974542995,1642494515453.853,2.333670728008256e+19
900,79,0.6395175355450237,0.12224457583389747,0.732585308056872,0.12520883678311892,-0.0712909952606635,0.11563563806138566,0.5785104265402843,0.20738960284315056,-0.5297848341232227,0.3193612187212817,-0.07389905213270141,0.1435843993324307,1642494515484.8342,2.3336707268540097e+19
900,80,0.631465402843602,0.08676889236876553,0.7334829383886257,0.12762239161227712,-0.07158483412322275,0.10870288862604377,0.5748241706161138,0.2246398035558565,-0.5186478672985783,0.3022321093644775,-0.09027962085308057,0.13980882315414128,1642494515515.8152,2.3336707256997757e+19
900,81,0.617360663507109,0.10132519011193863,0.7199279620853081,0.12389633069058896,-0.07049004739336492,0.1073186919480929,0.5848644549763033,0.22648267849243953,-0.5127748815165877,0.3073373266517716,-0.07347535545023696,0.1331428498659445,1642494515546.7961,2.3336707245450015e+19
900,82,0.5871924170616114,0.11973331851365382,0.7136104265402844,0.1264596770336267,-0.07569194312796208,0.09683914198239672,0.5813962085308056,0.20053504836650873,-0.5202364928909953,0.29561796070954643,-0.07267677725118483,0.12617907836289774,1642494515577.7773,2.333670723390622e+19
900,83,0.582475355450237,0.10329286738975407,0.7124303317535545,0.13775387355179422,-0.05440094786729858,0.1143294815229068,0.5479933649289099,0.23522167319386147,-0.5233417061611374,0.30157451844278943,-0.08617345971563982,0.1373736971017829,1642494515608.7583,2.333670722235715e+19
900,84,0.5985374407582938,0.10728020082960953,0.7279379146919431,0.13596678207944038,-0.061258293838862554,0.11394608482374187,0.5631568720379146,0.19921225617874064,-0.5224545023696683,0.32555739744391776,-0.0588781990521327,0.13211015695102674,1642494515639.7393,2.333670721080498e+19
900,85,0.5874592417061612,0.14370826604513645,0.736296682464455,0.12069076784608446,-0.039818957345971566,0.12308296668652674,0.556250710900474,0.2572761165113971,-0.5345075829383886,0.32734356965651096,-0.04797393364928909,0.16892917384111936,1642494515670.7205,2.3336707199264248e+19
900,86,0.5858355450236967,0.12862183420672535,0.748381990521327,0.12977758957887608,-0.022552132701421805,0.1368958773644776,0.5547578199052132,0.1867443296885579,-0.5235417061611374,0.32663780853802754,-0.05370142180094786,0.15250001661701656,1642494515701.7014,2.3336707187719668e+19
900,87,0.5891781990521326,0.1486601266653126,0.7405345971563981,0.13080570274971784,-0.03345023696682465,0.1326749048928007,0.5684739336492891,0.22073691860302402,-0.526778672985782,0.3396780570191829,-0.07117630331753555,0.15334351162626947,1642494515732.6824,2.3336707176175247e+19
900,88,0.6133265402843602,0.13041907891130675,0.7392142180094786,0.12436425351117132,-0.03325687203791469,0.15439771113112177,0.548004739336493,0.215041835215527,-0.5270563981042654,0.3372071918041074,-0.0738872037914692,0.1407887852164297,1642494515763.6636,2.3336707164626424e+19
900,89,0.5963137440758294,0.13589854528639134,0.7464085308056871,0.12043910478402169,-0.01455687203791469,0.14892199865493116,0.5888018957345972,0.20180807218686522,-0.5257450236966824,0.33371078296321377,-0.07557061611374408,0.16475634713247572,1642494515794.6445,2.3336707153082098e+19
900,90,0.607839336492891,0.10687523592146243,0.7672971563981043,0.12755278884901827,0.0018322274881516607,0.14316465981358606,0.5819090047393365,0.21769296834709997,-0.5094516587677725,0.3415680876519974,-0.05050094786729858,0.15111675704671637,1642494515825.6255,2.3336707141535617e+19
900,91,0.5982592417061611,0.14480344690227948,0.7989763033175356,0.14983239915007904,0.0031834123222748843,0.16834774100925312,0.5462023696682464,0.23631766451816744,-0.5191824644549763,0.3745351537386594,-0.04401895734597157,0.1672424560198601,1642494515856.6067,2.3336707129983443e+19
900,92,0.5863014218009478,0.20151472871225465,0.7881364928909952,0.1437501335666892,0.021573933649289098,0.22496854679350023,0.5570890995260663,0.22774046421394725,-0.5003042654028436,0.3690904187912436,-0.06457677725118484,0.14816239388670732,1642494515887.5876,2.333670711844091e+19
900,93,0.606367298578199,0.11710611687790562,0.795152606635071,0.1654854314574587,0.00481658767772512,0.13698585262830068,0.5882758293838862,0.2549435195558564,-0.5148545023696682,0.3653905937296322,-0.050293364928909956,0.16837684443195666,1642494515918.5686,2.3336707106898625e+19
900,94,0.5974312796208531,0.1608335439693071,0.8003331753554501,0.16103899222748802,0.0026928909952606637,0.14609745371112615,0.5778677725118483,0.22131325857549086,-0.5197563981042654,0.36568030989934547,-0.051301895734597154,0.1600464822821033,1642494515949.5498,2.333670709534899e+19
900,95,0.5724417061611374,0.1583027665380275,0.7991696682464454,0.16189330536131796,-0.005550236966824643,0.12335335032137212,0.5811800947867298,0.2242892612209433,-0.5151843601895735,0.35979205294470745,-0.06698862559241707,0.14929582301286393,1642494515980.5308,2.3336707083805577e+19
900,96,0.5472350710900474,0.1441243098117807,0.8016772511848341,0.1671445300514557,0.007087677725118485,0.13542879451410525,0.5774739336492891,0.24082657526969084,-0.5239052132701422,0.37496292068697795,-0.05110758293838862,0.17318079803746328,1642494516011.512,2.3336707072257544e+19
900,97,0.5642137440758294,0.14900882681020086,0.8067066350710901,0.17143108576529004,-0.022057345971563974,0.11912682960054159,0.5450436018957345,0.22286120885172658,-0.5197246445497631,0.3785099575802302,-0.04177061611374407,0.24237478713247576,1642494516042.493,2.33367070607079e+19
900,98,0.5482341232227489,0.15451261435387037,0.7902601895734597,0.15100340564567824,-0.01606872037914692,0.12903118063597366,0.5447758293838862,0.20780737022252307,-0.5349407582938389,0.37907932261656496,-0.03720947867298578,0.158631626957346,1642494516073.4739,2.3336707049169564e+19
900,99,0.5614236966824644,0.14758997210245992,0.7873857819905212,0.14269347360640947,0.013831753554502372,0.11831494827262465,0.5469360189573459,0.2100460449821711,-0.5350312796208531,0.4042136869216881,-0.03738815165876777,0.1569120292399006,1642494516104.455,2.3336707037616185e+19
900,100,0.5638890995260664,0.13710519802347107,0.797867298578199,0.12717361497314378,-0.0030497630331753557,0.13811697651184834,0.5515454976303317,0.2419072531582035,-0.5257909952606635,0.41163830606138574,-0.048968720379146916,0.17046839930264054,1642494516135.436,2.333670702607315e+19
900,101,0.5742976303317535,0.162493891946739,0.7836511848341232,0.13099230241525617,-0.01895402843601896,0.15044393382893256,0.555621327014218,0.271942303114421,-0.5275587677725119,0.4115849251013316,-0.044693838862559246,0.19193038829519302,1642494516166.417,2.333670701452878e+19
900,102,0.5498895734597157,0.1406974898907696,0.7832033175355451,0.15001748736989404,0.00011469194312796116,0.12415090992597608,0.5258729857819905,0.23238078626675698,-0.5107118483412322,0.4311332605732341,-0.01780379146919431,0.17671391874746104,1642494516197.3982,2.3336707002982044e+19
900,103,0.5318857819905214,0.11844317408259991,0.7776502369668247,0.14030343736899115,0.0287175355450237,0.11448400592913567,0.5360502369668246,0.21405125594041988,-0.49181753554502367,0.43660467821484983,-0.024025118483412322,0.1404288511279621,1642494516228.3792,2.333670699143545e+19
900,104,0.5362478672985782,0.13454870993590612,0.7663943127962086,0.1378017006341683,0.022830331753554502,0.11702627364703234,0.5157526066350712,0.22440152288603024,-0.48756018957345976,0.40223954374091625,-0.016877725118483414,0.14647890802527652,1642494516259.36,2.3336706979886924e+19
900,105,0.5383341232227488,0.15576065216339427,0.7515274881516588,0.13665412085985112,0.023094786729857826,0.12506578049650188,0.5046682464454977,0.22258409322500572,-0.4690004739336493,0.38840761566644105,-0.022969668246445495,0.1376123143136989,1642494516290.3413,2.3336706968343286e+19
900,106,0.5345350710900474,0.14314859285939963,0.759075355450237,0.13719527900880174,0.028237914691943127,0.14344023693658317,0.5109995260663507,0.2213254069045363,-0.46612606635071085,0.38225688936492885,-0.015339810426540285,0.14479196174091624,1642494516321.3223,2.3336706956795986e+19
900,107,0.5092483412322274,0.17471180003294964,0.7553218009478673,0.15674946837959816,0.047800473933649286,0.1318886709045362,0.5220099526066351,0.21232568270999766,-0.46689383886255925,0.38476088191424035,0.0084781990521327,0.19810469914150303,1642494516352.3032,2.3336706945252803e+19
900,108,0.5632592417061612,0.12502054185466036,0.7484199052132701,0.16132767988761,0.028201895734597155,0.1235022721868652,0.5244090047393365,0.2332714252994809,-0.46471421800947865,0.39597016065402824,-0.00521706161137441,0.14495710513608678,1642494516383.2844,2.3336706933698904e+19
900,109,0.5563895734597156,0.14791766217648386,0.7476748815165877,0.1545556721755811,0.02693080568720379,0.14290686909410977,0.5064218009478673,0.220678014189122,-0.45950758293838867,0.37332375870413,0.00347345971563981,0.14283189995892576,1642494516414.2654,2.3336706922159153e+19
900,110,0.5342099526066351,0.16722171566237876,0.7436649289099526,0.1630709993355902,0.04074549763033176,0.1374775449677274,0.5037331753554503,0.23903074232272623,-0.4528597156398104,0.36517291013134745,-0.006439336492890993,0.16577857992146233,1642494516445.2463,2.333670691061314e+19
900,111,0.5361819047619047,0.12871039383367508,0.7522004761904761,0.13934482004761903,0.036732857142857143,0.12218481743198903,0.4877852380952381,0.23212569982889059,-0.4348433333333333,0.3618271500271133,0.016947619047619045,0.15694624997038045,1642470371428.257,2.332476773656347e+19
900,112,0.5032185714285714,0.21122583376828416,0.7493533333333334,0.15222617742902714,0.06443380952380953,0.1813435999519252,0.4936714285714286,0.2353129605194805,-0.4292790476190476,0.3432389968794714,0.016066190476190477,0.14528546885144686,1642470371459.243,2.3324767725009682e+19
900,113,0.5392746411483254,0.13400213959422153,0.7546856459330143,0.1512815286391241,0.027783732057416268,0.12337531271485092,0.4836349282296651,0.233802767187615,-0.4250071770334928,0.34352062701555014,0.036846411483253586,0.1512836964413876,1642445991248.4592,2.3311482708602032e+19
900,114,0.5497698564593302,0.13477042817353693,0.7503636363636363,0.14014910569055944,0.05090765550239234,0.1177603785949577,0.46869043062200955,0.250381491638756,-0.425555980861244,0.33201394151453795,0.045714354066985645,0.13866640960066245,1642445991279.4497,2.3311482697047474e+19
900,115,0.5517665071770335,0.1321547543536069,0.7403473684210526,0.12931369760121456,0.06517751196172249,0.11451268502070293,0.4658985645933014,0.2537601092767759,-0.4349540669856459,0.3442113640338607,0.06247368421052632,0.14310551742914984,1642445991310.4402,2.3311482685484e+19
900,116,0.5264631578947369,0.23133831647267217,0.729132057416268,0.12449046930391974,0.06430095693779904,0.11129018240292599,0.47130191387559806,0.27498616586170416,-0.44936937799043064,0.3458829358847075,0.06436746411483253,0.13880205576324994,1642445991341.4307,2.3311482673917813e+19
900,117,0.544601923076923,0.14031302608324045,0.7362346153846153,0.13628854778149388,0.059597596153846154,0.11741137366569114,0.4709653846153846,0.2865952939650687,-0.45163846153846154,0.33891257464882923,0.05758942307692308,0.1486977544769603,1642421372975.8943,2.329681892094585e+19
900,118,0.5049153846153847,0.15997416043849866,0.7515461538461538,0.12310389022668157,0.07453365384615385,0.13653945857209215,0.4839793269230769,0.27186673130968975,-0.43594038461538465,0.35104807188777404,0.05694711538461539,0.12483164636845041,1642421373006.8894,2.329681890937525e+19
900,119,0.530924154589372,0.21409378698653925,0.7474797101449275,0.11565120075137189,0.08775458937198068,0.136012791131748,0.4607367149758454,0.27438700971342794,-0.4489893719806763,0.3428276560030019,0.08450048309178745,0.13476833189296938,1642396520946.232,2.328082032526619e+19
900,120,0.459868115942029,0.26974170121148167,0.7413009661835749,0.11681535019323663,0.11674734299516908,0.2479747526992166,0.46002560386473434,0.27001318307912403,-0.4612893719806764,0.32959007629426385,0.09586183574879227,0.1272151434393321,1642396520977.232,2.3280820313695027e+19
900,121,0.5102372549019608,0.12167192697961944,0.7340485294117647,0.10200296684511735,0.0920485294117647,0.14930843817516662,0.45485735294117646,0.25711991083236735,-0.4632656862745098,0.31009014433400944,0.08232696078431372,0.12422937468825461,1642320501475.2646,2.3224158661958246e+19
900,122,0.5247465346534653,0.14203876837101617,0.7507024752475248,0.11711201526747451,0.09183118811881189,0.11892403270405398,0.47046782178217816,0.23786293572557995,-0.467680198019802,0.2971085900536918,0.07457673267326732,0.12039501383404758,1642265569135.0544,2.3137745220627915e+19
900,123,0.5165990099009901,0.13409307581991037,0.7448826732673267,0.11817790691222112,0.08807326732673268,0.11997277271464465,0.4715143564356436,0.25840096720580263,-0.47483514851485153,0.3096566116440076,0.08087277227722774,0.1191851269664056,1642265569166.079,2.3137745209042702e+19
900,124,0.5037855721393035,0.11790951704079598,0.7565353233830846,0.1258223264960199,0.09132487562189055,0.1270356439781094,0.44251592039800997,0.23840849464527367,-0.48518805970149254,0.3268672143567165,0.08913532338308458,0.1265626947960199,1642239202488.184,2.3112300693524267e+19
900,125,0.49682200000000004,0.11111298393567838,0.7695605000000001,0.12812462089422108,0.09087049999999999,0.12341662098467336,0.4455665,0.2452468355052764,-0.493601,0.3255221007025127,0.08683450000000001,0.12424629603994967,1642212567094.51,2.3085127704777798e+19
900,126,0.497035,0.1109098862060301,0.781614,0.13320304181306533,0.10470850000000001,0.1240377473143215,0.4604295,0.24825358309522605,-0.5076845,0.32399237086407046,0.09994149999999999,0.11341871349522621,1642212567125.545,2.308512769318012e+19
900,127,0.4811035175879397,0.11660379145221057,0.7830366834170854,0.13338758536470227,0.10554572864321607,0.11593651835287555,0.47679798994974876,0.2571394198949294,-0.5327678391959799,0.3327069890614691,0.11147889447236181,0.12757337631998375,1642183920385.3066,2.303676280788174e+19
900,128,0.45150351758793966,0.11959595316938228,0.7980557788944723,0.13175381823663773,0.11848693467336684,0.11701567164661687,0.4918256281407035,0.28373907838028517,-0.5317175879396985,0.32271905297193026,0.14383417085427136,0.1757312380183747,1642183920416.3467,2.3036762796279116e+19
900,129,0.4513874371859296,0.11435215049794423,0.8099989949748744,0.12639474848383336,0.13391909547738692,0.09998756892645047,0.465029648241206,0.267055530884219,-0.5236748743718592,0.31502285987056505,0.12156532663316584,0.1120134953068372,1642183920447.387,2.303676278468435e+19
900,130,0.4550252525252525,0.12216856880069732,0.8188848484848484,0.11963473154591599,0.13714343434343435,0.10270133922063267,0.4639242424242424,0.2731543008306415,-0.5316368686868687,0.29230419756780995,0.12458181818181818,0.11889931103830183,1642156742344.2273,2.3005962960470335e+19
900,131,0.46062791878172593,0.12243927508391175,0.8124360406091371,0.10397440905159022,0.13904517766497462,0.11068914483632036,0.46530000000000005,0.2717843945918367,-0.5368532994923858,0.2915316061752822,0.12568629441624365,0.12234516924997411,1642135419881.2385,2.3032860569966236e+19
900,132,0.47153316326530614,0.12720942017660905,0.8064923469387755,0.0994653027616431,0.15500357142857143,0.12740416065384616,0.4586030612244898,0.2674903851187861,-0.5354433673469388,0.2934065843147567,0.1227326530612245,0.11844619974882262,1642113875384.3418,2.3059068027777303e+19
900,133,0.4734953846153846,0.1540805587930215,0.8048010256410257,0.13081119989584983,0.15574564102564104,0.1308084109473963,0.4560328205128205,0.2694650261337562,-0.5281738461538461,0.2901133691578112,0.11657333333333333,0.10010380505841926,1642092114879.4768,2.3084640687895486e+19
900,134,0.4805260416666666,0.12800884036540147,0.8025098958333333,0.1146321798492038,0.142671875,0.11953299187500001,0.4492161458333333,0.26219463570653373,-0.5224994791666667,0.27653104392642885,0.12677447916666668,0.10862917280077447,1642019163958.5676,2.309440684636233e+19
900,135,0.4718041884816754,0.11181796850868007,0.7894507853403141,0.11367920230201153,0.14802617801047122,0.1223006448900524,0.45553874345549733,0.2519834417542023,-0.5357455497382199,0.26302858470377516,0.1208219895287958,0.11204043467181043,1641996444878.2827,2.3116332413034672e+19
900,136,0.45896157894736844,0.11148700936257316,0.7820726315789474,0.10954416432637148,0.16232894736842104,0.11937336132692844,0.47259894736842106,0.2521578471946534,-0.5569621052631579,0.2589323752759678,0.13060842105263157,0.10575923569590645,1641965306729.3105,2.3052470216843956e+19
900,137,0.44248085106382984,0.11130745107520763,0.7575164893617022,0.10956191625071111,0.16956436170212766,0.11938382925787916,0.4803984042553191,0.2452871737407554,-0.561261170212766,0.26511214720076215,0.1259090425531915,0.09594872424934578,1641903886379.819,2.2938396593489514e+19
900,138,0.45638395721925135,0.12414318737565407,0.7321064171122994,0.11970459071128733,0.18390427807486628,0.12547319815364266,0.46161657754010693,0.24592915719682598,-0.5630032085561497,0.2616733436455637,0.12967540106951872,0.1000555076712093,1641880065916.647,2.2954473579328963e+19
900,139,0.45969560439560436,0.12081252638941174,0.7192692307692309,0.13552788766680826,0.16686208791208793,0.10996792457683198,0.46462582417582415,0.24454624402556005,-0.5674989010989011,0.23698492010928288,0.1312065934065934,0.10755621586788905,1641763191610.4395,2.2789482727071166e+19
900,140,0.4630386740331492,0.10625906505156539,0.7263530386740331,0.13704957428238182,0.17622651933701658,0.09741603462615103,0.4714237569060773,0.23884230559914058,-0.5661220994475138,0.2376290733977901,0.13475193370165747,0.11824549251012889,1641729211097.7734,2.270477216654636e+19
900,141,0.4706767955801105,0.12794540212523012,0.7533270718232045,0.1541140246519337,0.18024806629834253,0.09827326428790671,0.46141546961325963,0.24518050320380602,-0.5730861878453039,0.2638044885303867,0.12661933701657457,0.1055439929017802,1641729211128.9172,2.270477215483781e+19
900,142,0.47548044692737435,0.12384596214361938,0.7627810055865922,0.15901511491808423,0.1735608938547486,0.10034537329357862,0.470195530726257,0.2355560922271042,-0.5907541899441341,0.26433809710313233,0.11055083798882681,0.11092022026614778,1641670219457.1565,2.2633983814788612e+19
900,143,0.4949248587570621,0.1250517506285311,0.7706706214689266,0.1605498358365434,0.21131751412429378,0.13595803679378526,0.5025497175141244,0.23430450455957888,-0.6034853107344633,0.2239187744420904,0.12397344632768362,0.11382501241589628,1641645998374.113,2.2647363982984225e+19
900,144,0.48923954802259884,0.14098884865434,0.7750079096045198,0.1710069408461736,0.20597966101694914,0.1108927134476117,0.5036440677966102,0.2500547171379045,-0.6001847457627119,0.2160595768682589,0.13500621468926555,0.1020587906997946,1641645998405.2825,2.26473639712032e+19
900,145,0.49624858757062146,0.14303052978492564,0.7682197740112994,0.15843038284540312,0.21750564971751413,0.1174500955360812,0.5067022598870057,0.24645576840395475,-0.6043039548022598,0.20758720549563445,0.14009378531073446,0.09371358183615822,1641645998436.452,2.2647363959421207e+19
900,146,0.5158262857142857,0.1301505609142857,0.7467868571428572,0.1394479675848932,0.23040971428571427,0.12998580134187193,0.5018577142857144,0.23368023785681452,-0.6159262857142856,0.20352232804072243,0.14339714285714286,0.09795751027914612,1641623215412.4514,2.268430456871587e+19
900,147,0.5074936781609195,0.1293759114626935,0.7403511494252873,0.12624716644375794,0.2394477011494253,0.11741921256693909,0.4955264367816092,0.24953529987509143,-0.6143833333333333,0.2221313963102119,0.16003793103448274,0.1044316139286426,1641596004427.7932,2.2685101813154144e+19
900,148,0.507135260115607,0.12686567183089129,0.7355202312138729,0.12282272092552766,0.23730346820809248,0.1240124931274364,0.47705953757225433,0.263011142655599,-0.6394751445086705,0.18642584792512434,0.16294046242774568,0.09877245521373841,1641559492244.237,2.2583676606907585e+19
900,149,0.5127561403508772,0.12190903353560376,0.7286877192982456,0.12348499567182661,0.21725438596491228,0.10272848226006188,0.49061111111111105,0.20118391228758165,-0.6669187134502924,0.1801692896477468,0.17129122807017544,0.12129483186377704,1641485182842.8071,2.2368913600645747e+19
900,150,0.4915970414201183,0.10906386314595655,0.735107100591716,0.12015537173499581,0.22135917159763313,0.09887394647788114,0.48810710059171597,0.20165033578261476,-0.6688011834319527,0.16362829940335302,0.1687810650887574,0.10298106297266839,1641475527926.574,2.2252201391273615e+19
900,151,0.4814892215568862,0.1022276294011976,0.7230826347305389,0.11423212614241389,0.22401796407185628,0.09428028172354086,0.47714011976047904,0.19922236747709407,-0.6371508982035928,0.15300263468292336,0.16159041916167666,0.09126106243777507,1641458363776.8562,2.2372223241215226e+19
900,152,0.4473874251497006,0.08697027737104102,0.7189215568862275,0.11586352627948923,0.23153413173652693,0.09743418937017531,0.47522694610778443,0.18796578969121994,-0.6215281437125748,0.15124602661279854,0.1630574850299401,0.09993634161532362,1641458363808.078,2.2372223229368336e+19
900,153,0.442510843373494,0.08263294073019352,0.695533734939759,0.11746393449142019,0.24578674698795183,0.10582562248995978,0.4885518072289156,0.1847199149967141,-0.6326078313253012,0.15440230254435916,0.16163493975903614,0.10229778919605698,1641428849544.8374,2.236145816939533e+19
900,154,0.456565243902439,0.08980683909135119,0.6807298780487805,0.1221455260343408,0.2391548780487805,0.09816762396378877,0.4824798780487805,0.18018124934722435,-0.6253012195121952,0.14726960061200062,0.15640182926829269,0.11590746705184797,1641361378437.7256,2.225119199693601e+19
900,155,0.4488864197530864,0.10316220764051837,0.6767111111111112,0.12707621055900617,0.24167222222222223,0.10539414711180127,0.4805018518518519,0.1924692442822636,-0.6146030864197531,0.15729816576681238,0.16438456790123457,0.11080654653055742,1641340710228.4011,2.23553134826232e+19
900,156,0.42876708860759494,0.08288741330484561,0.6882367088607595,0.1383085294719019,0.2564715189873418,0.11516171657220033,0.49203670886075945,0.16516007864387652,-0.623990506329114,0.16640910111948723,0.16456012658227848,0.09893115222163994,1641256821652.7913,2.2133303537254765e+19
900,157,0.4437727848101266,0.08913970046480685,0.6862189873417722,0.1368019400193502,0.238820253164557,0.09943073640248326,0.4977822784810127,0.16914789509796022,-0.6219443037974683,0.17108380732403455,0.16925443037974683,0.10331676593566075,1641256821684.0632,2.2133303525409845e+19
900,158,0.455274358974359,0.12581090759636063,0.712223076923077,0.14618813959305205,0.24836410256410255,0.10552567354177,0.5279185897435897,0.17433001803928866,-0.6322397435897437,0.18685035634574026,0.16427948717948718,0.09363045660876762,1641310946472.4102,2.2185971770773885e+19
900,159,0.45510718954248364,0.12943265909270724,0.7116869281045751,0.13939958706484354,0.25511764705882356,0.10775476764705888,0.5416209150326797,0.1797807129807362,-0.6231686274509805,0.179506691377709,0.1594091503267974,0.08710918596835229,1641215299754.0588,2.2144727258172674e+19
900,160,0.45663443708609275,0.1087684125395144,0.7076066225165564,0.13099227435584995,0.2563019867549669,0.09855809112935981,0.5446158940397351,0.22573857241236198,-0.6160701986754967,0.18146733370596033,0.16667682119205296,0.10318030392582782,1641131176951.3643,2.1895017367455216e+19
900,161,0.45764238410596025,0.12253466832494472,0.716717880794702,0.13850613694481242,0.27655695364238414,0.11051407340132452,0.5305834437086092,0.2217214205907284,-0.6029112582781456,0.18329176847240616,0.19850596026490067,0.10751730883090511,1641131176982.6555,2.1895017355723633e+19
900,162,0.4562358108108109,0.12265142639593675,0.736077027027027,0.16149515892443467,0.26970743243243245,0.10712703307363483,0.5110358108108108,0.28503785347076666,-0.5909756756756757,0.1858587728736901,0.188625,0.1101423858333333,1641030375472.473,2.1826940751156814e+19
900,163,0.45065540540540544,0.10612969024269166,0.7371,0.1659443606802721,0.272270945945946,0.10532416833379299,0.5198945945945946,0.20733905303180727,-0.6060804054054054,0.1926694535590182,0.19830202702702704,0.10555332659450264,1641030375503.7905,2.1826940739448787e+19
900,164,0.4471040816326531,0.13257715039418513,0.7497768707482994,0.16491621795452427,0.2871108843537415,0.12024286070263732,0.5128448979591836,0.19128166673748964,-0.6093482993197279,0.19343405237722497,0.19414761904761904,0.09839972785388128,1640994141879.973,2.178080355023707e+19
900,165,0.45743931034482754,0.15021923337452112,0.7503931034482759,0.1739798782854406,0.28171931034482756,0.12069387962452109,0.5151613793103449,0.19245747697030646,-0.5944579310344827,0.19009798675957854,0.19189793103448274,0.09142957006513414,1641063686115.4138,2.1709139088089825e+19
900,166,0.4596265734265735,0.1551883056269083,0.7357538461538462,0.1874521309534127,0.28165944055944053,0.13031468073771296,0.5205601398601398,0.19168894847040274,-0.6010111888111888,0.20221834184575982,0.1982013986013986,0.08634643182901604,1641036111659.5386,2.1803882288357503e+19
900,167,0.458594964028777,0.14417915453967256,0.7060683453237411,0.19615344449796684,0.2820064748201439,0.13878105133458446,0.5136230215827339,0.1944952523647169,-0.6135100719424461,0.20339445743405274,0.2084158273381295,0.08445522858825985,1641002216481.2014,2.1598716849185903e+19
900,168,0.47008985507246376,0.13330258383793508,0.6952956521739131,0.18433421837511904,0.3010152173913044,0.11011077662805455,0.4799340579710145,0.2120582235761135,-0.6116456521739131,0.21733301315614084,0.21454927536231885,0.08650518777319371,1641046636924.297,2.1480098682182926e+19
900,169,0.45571617647058826,0.13279110581045753,0.6637852941176471,0.17486400393028334,0.2894125,0.0898771984351852,0.5018735294117648,0.1634295629978213,-0.6069389705882353,0.23424138372930287,0.2007904411764706,0.07602913998202615,1641038942613.9927,2.1489497218472215e+19
900,170,0.4731563909774436,0.1162360503565732,0.6413812030075188,0.1614056422955115,0.27912706766917295,0.09804776001936658,0.5231864661654135,0.1738059049669629,-0.6043646616541353,0.2652119366962862,0.22083759398496242,0.07989666827295513,1640993565739.6316,2.1423772063873966e+19
900,171,0.49915384615384617,0.12490748638044126,0.6443361538461538,0.17452609038819317,0.2656061538461538,0.09322948755873582,0.5311453846153846,0.16682628792426957,-0.5967976923076923,0.26975407030471077,0.23026692307692306,0.1191006451765057,1640943446513.1384,2.137249548339412e+19
900,172,0.49877153846153843,0.10939898298211091,0.6542907692307692,0.19115621929397728,0.2762607692307692,0.07926926472808583,0.5201723076923077,0.19944222170781156,-0.5697246153846154,0.25281201613357185,0.18152153846153846,0.11706853906738221,1640943446544.4768,2.1372495471910597e+19
900,173,0.5239031746031746,0.1103691539098413,0.6401206349206349,0.20665080101079372,0.28455317460317464,0.0927547869898413,0.5131460317460318,0.3863844687441269,-0.5672865079365079,0.23058086949650788,0.2187968253968254,0.10672578398984128,1640885992495.4048,2.1050000414718874e+19
900,174,0.5096388429752066,0.10344072922865016,0.6312082644628099,0.21109295293112945,0.286897520661157,0.08901758841046835,0.4789074380165289,0.2966169536942148,-0.5642851239669421,0.22068443211019279,0.23613388429752066,0.08134868942561985,1640986673790.5208,2.1020319398560514e+19
900,175,0.49827083333333333,0.10125831536064432,0.62843,0.2224761182521009,0.30234583333333337,0.08917410065476189,0.48243833333333336,0.21026499532492998,-0.5565491666666667,0.2286774546211485,0.23989249999999998,0.08436594641386559,1640944021532.6584,2.0974985583708185e+19
900,176,0.4961618644067797,0.0905051155417934,0.6073186440677967,0.21359292204259017,0.29447627118644065,0.08793867823554975,0.4921322033898305,0.260440944936984,-0.5581737288135594,0.1991781891329857,0.22923050847457627,0.07390761632623498,1640841243026.9915,2.06803302791122e+19
900,177,0.4959896551724138,0.0727550291094453,0.5910405172413793,0.204230916517991,0.2955603448275862,0.08988029267466263,0.5537603448275862,0.2601300093703148,-0.5864431034482759,0.23668194543028495,0.2750508620689655,0.19982848443403292,1640847337480.0688,2.048932990344336e+19
900,178,0.5053517543859649,0.07361749685530196,0.6010122807017544,0.21406113701599117,0.3099570175438596,0.08020596441934494,0.540719298245614,0.14964300935879526,-0.5640140350877193,0.18559784634994564,0.25350350877192984,0.09017725202297784,1640821840348.544,2.0323227722017493e+19
900,179,0.51420625,0.05644158923986486,0.6140669642857143,0.24027457952944,0.3027669642857143,0.0746760710609717,0.5518089285714286,0.14500094064028318,-0.5609723214285715,0.18905039823600386,0.27537767857142853,0.09188564192969753,1640868645929.5894,2.052224957062912e+19
900,180,0.5033633928571428,0.070200527386583,0.6155223214285714,0.2298165676954633,0.31205535714285715,0.0939161042953668,0.5068794642857143,0.19794628416907994,-0.5538758928571429,0.19456422220640282,0.26613839285714286,0.1100030036478443,1640868645960.9019,2.052224955958046e+19
900,181,0.5045385321100918,0.08038802850152908,0.6400394495412844,0.22345476296636074,0.3267844036697248,0.09514899003227997,0.5228449541284403,0.23646106731226638,-0.5615605504587156,0.21025839167006452,0.26591467889908255,0.07197872515290521,1640867233030.642,2.0639286902147977e+19
900,182,0.5205194444444444,0.1183419901791277,0.6525194444444444,0.2123769079361371,0.3456592592592593,0.09249519552094154,0.513475925925926,0.18812615866735896,-0.5577898148148148,0.21709041830650752,0.26731666666666665,0.06991277224299064,1640877926395.6853,2.081959707291509e+19
900,183,0.5238679245283019,0.08436908791374659,0.6663867924528302,0.21695316115723262,0.35116226415094337,0.0886241762767295,0.5415528301886793,0.14260626270619947,-0.5594179245283019,0.23483251367565144,0.2714915094339623,0.07122151868912847,1640755797996.1133,2.039702629063184e+19
900,184,0.49361346153846153,0.0777887858364451,0.6581788461538461,0.2138065607132188,0.3518846153846154,0.08799653781926815,0.5636990384615385,0.1258169154359597,-0.553639423076923,0.23597168221713963,0.2648673076923077,0.07374775134802092,1640848165737.9905,2.03137895676044e+19
900,185,0.4793359223300971,0.09679500075575859,0.6590029126213592,0.20367612773653154,0.35596796116504853,0.09154737906148863,0.5659922330097087,0.13209583288025886,-0.556631067961165,0.2312820690253189,0.2759776699029126,0.08044919645726253,1640906191118.8154,2.0159349513330717e+19
900,186,0.5005454545454545,0.11535816148423006,0.6553131313131314,0.2014737117645847,0.368230303030303,0.09357475009276436,0.5826373737373738,0.14204991522160385,-0.5442595959595959,0.23716880835085546,0.2743555555555556,0.08383136637188209,1640832471407.5757,1.9625809525640106e+19
900,187,0.5017701030927835,0.10364052461769757,0.6430164948453608,0.19900439889175267,0.38256804123711335,0.09053144803049824,0.5960556701030928,0.12485783957689006,-0.5281123711340207,0.2223203950536942,0.2678680412371134,0.07992372261383163,1640789654655.0413,1.973033134122512e+19
900,188,0.4956556701030928,0.10881626832689005,0.6331164948453608,0.20363582180841935,0.3638824742268041,0.09841188125214777,0.6148783505154639,0.12409879817225089,-0.525239175257732,0.21195169240764603,0.29642577319587626,0.101757942766323,1640789654686.371,1.9730331330357445e+19
900,189,0.4969688172043011,0.09837714412575968,0.6362075268817204,0.214258013747078,0.3697784946236559,0.10432392409770921,0.6254344086021505,0.12762729097709213,-0.5388268817204301,0.21552648459560536,0.26827741935483873,0.08590499611500703,1640822104141.8494,1.993092960554823e+19
900,190,0.5074351648351648,0.11148307430525028,0.6412934065934066,0.20420789351159965,0.3766208791208791,0.10107904078144077,0.6155065934065934,0.10936782240048842,-0.538545054945055,0.2058528518363859,0.2634714285714286,0.07518584761904762,1640788711258.1538,1.988173442855717e+19
900,191,0.5044252873563219,0.1014178830740444,0.6503666666666666,0.21228347271317832,0.3573528735632184,0.0990254836835071,0.5912310344827586,0.10885120076984763,-0.5659620689655173,0.20605817214915792,0.26968045977011496,0.07660488391606525,1640849219788.1494,1.989257173185301e+19
900,192,0.5006883720930232,0.1091339563337893,0.6381988372093024,0.18480295941039668,0.3621348837209302,0.1262773206511628,0.5740709302325582,0.11656648702735974,-0.5593802325581395,0.19562762913406292,0.27453720930232556,0.09735013530506155,1640883585370.6978,2.0022646970543047e+19
900,193,0.48155238095238095,0.12680345963281697,0.6236119047619048,0.1593686545553643,0.35633928571428575,0.10169637470309813,0.5897130952380952,0.1299918594650028,-0.5545059523809523,0.18189243165088925,0.25700119047619047,0.0854667022877223,1640867250878.9644,1.9997804505519325e+19
900,194,0.46761445783132527,0.1124758900323244,0.617933734939759,0.14137136592124594,0.3760397590361446,0.09831821315603885,0.5907493975903614,0.14307293301792537,-0.543044578313253,0.17142155884219806,0.29113493975903615,0.07717565791066705,1640913446588.241,2.0060234652791935e+19
900,195,0.4498012345679013,0.10533687887345677,0.6173333333333333,0.14460501200000003,0.3679962962962963,0.09457464686111108,0.509016049382716,0.3022892583641975,-0.5432419753086419,0.20310060971604935,0.3583851851851852,0.28355344852777786,1640768381666.6172,1.9677504623182447e+19
900,196,0.45924556962025315,0.1039875389224278,0.6193379746835443,0.14860401956507632,0.36822658227848104,0.10221546838688736,0.5752569620253165,0.12809612043167798,-0.5329088607594937,0.15454618568971115,0.2952746835443038,0.07922037140214219,1640749323905.1646,1.9033520473044537e+19
900,197,0.43552467532467537,0.09680153925153796,0.6253727272727273,0.11797042937799039,0.3751272727272727,0.10404089227272728,0.5756493506493506,0.1137853999008886,-0.5222142857142857,0.1605264567669172,0.29145974025974025,0.07112576269993162,1640804361868.818,1.931400812457937e+19
900,198,0.3984144736842105,0.12116570792105262,0.62055,0.14227098626666673,0.38625394736842106,0.12954907638421057,0.5711263157894737,0.12158364543157894,-0.5228078947368422,0.17108768687017542,0.29696578947368424,0.06870230388070175,1640725606739.0132,1.908757754505277e+19
900,199,0.4309644736842106,0.12496266472105265,0.6500723684210526,0.12340647429298252,0.3809105263157895,0.11081471722105261,0.5471118421052632,0.13580990052456138,-0.5061236842105263,0.18148542289824565,0.3132473684210526,0.06930012625964914,1640725606770.2764,1.908757753467274e+19
900,200,0.4356236842105263,0.11573437729824564,0.6849434210526316,0.10649119608947373,0.41118026315789474,0.10158242693859651,0.5635328947368421,0.14048491477017544,-0.4981986842105264,0.1799466377315789,0.3209868421052631,0.07107763129122806,1640725606801.5396,1.908757752429931e+19
900,201,0.49613999999999997,0.10680857663768113,0.6947614285714285,0.11586045718633542,0.39941714285714286,0.10319869448447208,0.5972628571428571,0.1373236322236025,-0.4882171428571429,0.18948319912215314,0.29396428571428573,0.07720164116977225,1640886822474.8857,1.8412225376528275e+19
900,202,0.47319142857142865,0.10608116688198758,0.7037514285714286,0.10549459412836434,0.4305157142857143,0.09220500424223603,0.5989514285714286,0.14282936195445134,-0.4976528571428572,0.17636815296273298,0.2974942857142857,0.08886620663354038,1640886822506.1287,1.8412225366366702e+19
900,203,0.4832269841269841,0.10588640877624164,0.6831603174603175,0.10687751210957501,0.42715238095238095,0.0770762825345622,0.6325222222222222,0.11716287691756268,-0.5033349206349207,0.16318801972862274,0.2850809523809524,0.09772823156682026,1640577728268.2222,1.7703820053957081e+19
900,204,0.4683934426229508,0.11963831228961748,0.695188524590164,0.07971585303278687,0.4541852459016394,0.0867164362786885,0.6297409836065574,0.10562688845901638,-0.5150540983606557,0.15402532052459023,0.2892868852459016,0.09848074349180329,1640577898096.4263,1.8293946451747518e+19
900,205,0.48158135593220336,0.14518300568088835,0.7009966101694916,0.08181089929865576,0.4706016949152542,0.07017009568673291,0.6382898305084747,0.160281334377557,-0.5178898305084746,0.18922714989479833,0.3014322033898305,0.08283338187609587,1640378964435.6948,1.7692911569828442e+19
900,206,0.46299473684210524,0.15456618300751876,0.7071543859649123,0.09783139359649126,0.5279912280701755,0.24808523188596493,0.6134929824561403,0.10057669673558897,-0.49758245614035085,0.20865379682957394,0.31585614035087717,0.09331928929197997,1640572245054.8071,1.7203079041240121e+19
900,207,0.4821563636363636,0.150361338060606,0.6847054545454545,0.08955551385858583,0.4813418181818182,0.08647754284848484,0.5888709090909091,0.13181121543434343,-0.4892127272727273,0.20498129039057233,0.3122890909090909,0.10186466358249156,1640346204609.491,1.6357076204391277e+19
900,208,0.49461923076923076,0.12695864785822022,0.6673884615384615,0.11731651398190049,0.46175769230769237,0.07871867739064857,0.5384826923076923,0.21246892734162892,-0.5017115384615385,0.21957359084464562,0.3167057692307692,0.09667891427978886,1640333147357.1155,1.6172193634573193e+19
900,209,0.509952,0.12152102213877553,0.658998,0.12657359856734696,0.45116799999999996,0.07662641650612245,0.539228,0.19879445511836732,-0.486504,0.2199381922285715,0.334082,0.09947983456734696,1640394336073.88,1.6605094454522642e+19
900,210,0.49633061224489794,0.12794214341836738,0.6601591836734694,0.12446312454931974,0.48408367346938774,0.10101233347789117,0.5360183673469388,0.13609719528061223,-0.4719428571428571,0.21285587374999995,0.32067551020408164,0.0916908556377551,1640507042876.9185,1.6302660993225435e+19
900,211,0.4657212765957447,0.0825681595374653,0.6261085106382979,0.12782002862164663,0.46255957446808516,0.09069343680851061,0.5547170212765957,0.12009885057354301,-0.5016999999999999,0.1707968039130435,0.32252765957446805,0.09145265856614249,1640469408498.1277,1.5127194151986135e+19
900,212,0.44792000000000004,0.10343194345454544,0.6390444444444445,0.12475026752525255,0.44660000000000005,0.07657923272727273,0.5487000000000001,0.0894127218181818,-0.48515555555555556,0.18297408161616158,0.31336444444444445,0.08980127734343436,1640428205033.6223,1.4766473752054004e+19
900,213,0.47966222222222227,0.08021759876767677,0.6646977777777778,0.1370658584040404,0.46291333333333334,0.09235083118181815,0.5263088888888889,0.10547246901010099,-0.5132755555555556,0.19178737507070706,0.3061377777777778,0.0825585283131313,1640428205064.9556,1.4766473743259939e+19
900,214,0.4512,0.09932292809523807,0.6474488372093024,0.19994797779623474,0.479806976744186,0.08783677685492804,0.5214697674418605,0.14327803311184942,-0.5198325581395349,0.18659658177187155,0.3090488372093023,0.08054900208194907,1640421485489.8372,1.5468599011511308e+19
900,215,0.44211190476190476,0.0884707825377468,0.6871047619047619,0.16242028973286876,0.4886642857142857,0.08163976088850174,0.525195238095238,0.14265283461091754,-0.5452904761904762,0.1816697330778165,0.32826428571428573,0.10769318674216027,1640417863947.4524,1.5845304169962228e+19
900,216,0.43095476190476195,0.11421184107433219,0.6920833333333333,0.15749013947154478,0.47740952380952384,0.07897253600464577,0.5344333333333333,0.13192138666666667,-0.5306666666666666,0.17401743886178858,0.3422190476190476,0.09455441962833913,1640417863978.8809,1.5845304160554783e+19
900,217,0.452465,0.11259655874358973,0.7390800000000001,0.13887711241025635,0.4889175,0.07515921532692306,0.5231600000000001,0.12173376143589743,-0.5342825,0.19305367378846158,0.36622,0.09664402112820514,1640321660315.25,1.544456674314253e+19
900,218,0.4814026315789473,0.10726076458748221,0.7370078947368421,0.11493647696301568,0.5074131578947368,0.0791291336059744,0.5287552631578948,0.12873921118776674,-0.5432315789473684,0.2112170038406828,0.3775973684210527,0.09796389431721192,1640215329023.0264,1.4977954966778376e+19
900,219,0.482754054054054,0.10464017699699696,0.722872972972973,0.09879616202702707,0.5054918918918918,0.06764442243243243,0.5186081081081081,0.11063531187687686,-0.5379837837837838,0.2138436036186186,0.37255405405405406,0.08163596644144147,1640205659560.2432,1.5390357602139466e+19
900,220,0.4316294117647059,0.10601808819964349,0.6827441176470588,0.12319321223707669,0.4702029411764706,0.08542959605169342,0.5069176470588235,0.11524995786096257,-0.5202323529411764,0.23238282225490198,0.37145,0.08679034924242425,1640366311789.4412,1.588871233761818e+19
900,221,0.4379454545454545,0.1120059144318182,0.6648424242424242,0.12979756814393942,0.4910878787878788,0.08082322422348484,0.5021181818181818,0.14074078965909093,-0.5117757575757576,0.24024265189393934,0.356730303030303,0.0742902890530303,1640360027811.2727,1.6383850013004325e+19
900,222,0.4464741935483871,0.12267559864516127,0.6347935483870968,0.10657738195698928,0.5081354838709677,0.05833809636559137,0.4532709677419355,0.19009084746236557,-0.5160483870967743,0.25388432724731186,0.3632161290322581,0.06964380873118281,1640145737783.3225,1.6049057740324012e+19
900,223,0.5072516129032258,0.13275819258064514,0.6087967741935485,0.08510641632258063,0.47985161290322575,0.07500174858064514,0.45149999999999996,0.15474049533333334,-0.5149612903225806,0.2725010897849462,0.40976129032258063,0.1048382224516129,1640145737814.9678,1.6049057730508196e+19
900,224,0.43392,0.1464599464827586,0.60106,0.08680950317241379,0.5088266666666666,0.0840415523678161,0.5386366666666667,0.09302165757471266,-0.5087499999999999,0.2743921701724138,0.3645933333333334,0.062122854436781616,1639947151994.8333,1.5337790859680477e+19
900,225,0.4095107142857143,0.16791990914021168,0.5649964285714286,0.07907592257936509,0.4737678571428572,0.07006417929894182,0.5483642857142857,0.11161166978835979,-0.498975,0.29027566416666667,0.3379714285714286,0.06422815989417989,1639776096567.5356,1.4554049258568903e+19
900,226,0.46311785714285714,0.11067824300264549,0.5901571428571428,0.09062350476190474,0.5264321428571429,0.09323052596560845,0.5449,0.13828990592592594,-0.4685714285714285,0.24645054507936506,0.34702142857142854,0.0823037728571429,1639776096599.25,1.4554049249479109e+19
900,227,0.43601481481481486,0.12807825746438747,0.568811111111111,0.08017200333333332,0.5400888888888888,0.11877000025641027,0.5365518518518518,0.13140405720797724,-0.4512851851851852,0.26976456438746443,0.36185555555555554,0.07444511948717948,1639957828498.2593,1.4153512191079336e+19
900,228,0.448928,0.1348267004333333,0.573352,0.0828703284333333,0.5350159999999999,0.12454561556666666,0.5347959999999999,0.1366336404,-0.433528,0.2738185029333333,0.33198,0.06952712583333333,1639411370292.72,1.1133675511591903e+19
900,229,0.4729652173913043,0.12001082964426879,0.5698217391304348,0.06803152723320158,0.5106391304347826,0.09938210521739131,0.517908695652174,0.1721547599209486,-0.4501608695652174,0.29470461339920956,0.33216086956521734,0.06912921430830038,1639501662777.652,1.1876140394551861e+19
900,230,0.4343666666666667,0.1390800883333333,0.5900714285714285,0.09573067814285714,0.4773190476190476,0.10530163561904762,0.5511285714285714,0.23054786814285713,-0.4428619047619048,0.27469025347619047,0.31205714285714287,0.05375565457142857,1639527151299.8572,1.2876721204926812e+19
900,231,0.5224,0.12652105263157898,0.608965,0.1083950497631579,0.46707,0.11209947905263154,0.547415,0.2587849981842105,-0.431215,0.23438569186842106,0.29122499999999996,0.07149397460526313,1639608756279.2,1.3407236294682778e+19
900,232,0.406745,0.10468985207894739,0.634155,0.1401705857631579,0.473435,0.15287514555263157,0.503835,0.27544736871052633,-0.44016500000000003,0.2307824013421053,0.299905,0.08001496260526317,1639608756311.0,1.3407236286003495e+19
900,233,0.46067368421052635,0.12517063426900588,0.6400157894736842,0.18258509029239764,0.44969473684210526,0.10847356052631578,0.5212368421052631,0.2186624146783626,-0.4435631578947368,0.2258171869005848,0.30553684210526316,0.0735954957894737,1639699024984.0527,1.3980060376864805e+19
900,234,0.37898947368421054,0.09299966321637428,0.5620631578947368,0.0738997880116959,0.4211052631578947,0.11837590274853801,0.49463684210526315,0.1900163624561404,-0.4557421052631579,0.2257566836842105,0.30869473684210524,0.07394279274853803,1639699025015.7896,1.3980060367944425e+19
900,235,0.3799705882352941,0.12295100345588234,0.5231176470588236,0.24530439529411763,0.4244764705882353,0.16940837816176468,0.5731705882352941,0.06427151595588236,-0.49816470588235295,0.21187718617647058,0.2723,0.08429513625,1638798773476.0588,7.507607840785015e+18
900,236,0.38089999999999996,0.05576165571428571,0.5320333333333334,0.192301160952381,0.45170666666666665,0.11392208780952383,0.6320333333333333,0.07517038095238096,-0.4821266666666667,0.2249132706666667,0.1894266666666667,0.06673872923809525,1638740832936.4,8.293362855659107e+18
900,237,0.35696,0.08197460685714288,0.5794133333333333,0.12789138695238095,0.49766666666666665,0.1331386795238095,0.6256533333333334,0.0846349598095238,-0.47156666666666663,0.22841634380952378,0.20014,0.07172305542857142,1638740832968.4,8.293362849069648e+18
900,238,0.3345133333333334,0.08472009266666666,0.6804933333333333,0.054138399238095235,0.42294,0.1314429982857143,0.6166733333333333,0.07991333638095235,-0.4624866666666667,0.22975188409523814,0.22551333333333334,0.06512098266666667,1638740833000.4,8.293362842480003e+18
900,239,0.39403571428571427,0.07820220862637361,0.8258428571428571,0.15560452725274726,0.4831714285714286,0.09325278835164837,0.5712928571428572,0.06357334225274726,-0.4592,0.22512895692307688,0.23399285714285714,0.07033243456043956,1638801260133.0715,8.872329112183991e+18
900,240,0.41685714285714287,0.1613342734065934,0.8576571428571429,0.18656998417582413,0.5276500000000001,0.08611908269230771,0.6094857142857143,0.08888180285714285,-0.48970714285714284,0.19033360994505494,0.30760714285714286,0.05445171148351648,1638801260165.0,8.872329105226617e+18
900,241,0.42073571428571427,0.1227378270879121,0.8326714285714285,0.14804801604395604,0.5200214285714286,0.06841654181318682,0.6282,0.08777084461538462,-0.5318928571428572,0.1941803560989011,0.34463571428571427,0.07120495016483516,1638801260196.9285,8.872329098269965e+18
900,242,0.3686357142857143,0.09749307324175825,0.8659642857142857,0.09197750862637363,0.5649214285714286,0.09146397873626373,0.6338,0.060217544615384616,-0.5658571428571428,0.19515333494505496,0.36905,0.04687329807692308,1638801260228.8572,8.872329091312069e+18
900,243,0.3906384615384615,0.15368746756410254,0.8394615384615385,0.08318180756410255,0.5615384615384615,0.11516088089743588,0.5929615384615384,0.05002389756410256,-0.6481538461538462,0.10275196935897431,0.3687692307692308,0.039620105641025645,1638664989262.3845,9.33004810213825e+18
900,244,0.4721333333333333,0.12330691333333332,0.8518083333333334,0.07957337901515152,0.4691,0.07028886545454545,0.62615,0.05861209727272729,-0.6367833333333334,0.09860032333333334,0.42671666666666663,0.05155475606060606,1638981268186.8333,8.759593859273808e+18
900,245,0.4313,0.0751743581818182,0.8363666666666667,0.08777187696969696,0.45845833333333336,0.08253136265151516,0.6465,0.07382388545454543,-0.628625,0.08932307659090907,0.4466583333333333,0.062435226287878794,1638981268218.8333,8.759593852411397e+18
900,246,0.38921,0.08039112766666666,0.8842800000000001,0.10598235733333333,0.45294,0.13631966933333334,0.65715,0.08845099611111112,-0.6310100000000001,0.12008774988888887,0.46694,0.081168136,1638930605361.1,1.029069014474481e+19
900,247,0.39226,0.06544292044444443,0.78976,0.08707224933333335,0.44919000000000003,0.10901196099999999,0.59871,0.1195252321111111,-0.58385,0.10968147833333333,0.46879,0.08951398766666666,1638930605393.2,1.0290690137316798e+19
900,248,0.44726,0.07443886711111113,0.77025,0.10570977166666667,0.44523,0.12065968011111111,0.54416,0.09639962933333333,-0.5807800000000001,0.10777316844444441,0.43491,0.08491609433333332,1638930605425.3,1.0290690129888262e+19
900,249,0.44040999999999997,0.110569701,0.77235,0.0891602138888889,0.44611,0.10646109211111111,0.52636,0.08769826933333333,-0.57131,0.10883284322222224,0.43265000000000003,0.08709427611111112,1638930605457.4,1.029069012246025e+19
900,250,0.5256444444444445,0.12246560277777778,0.772988888888889,0.08591612861111111,0.36434444444444447,0.1002365627777778,0.5495444444444444,0.06349594027777777,-0.5141666666666667,0.09856118,0.3819444444444444,0.11315067777777776,1638748029175.0,1.1202017634976397e+19
900,251,0.5010777777777778,0.10403980444444444,0.7480555555555556,0.09192005277777779,0.3756555555555556,0.11059544277777776,0.5558777777777778,0.05681869694444445,-0.5022,0.09405594749999999,0.3708888888888889,0.1341082236111111,1638748029207.3333,1.1202017627578233e+19
900,252,0.5126111111111111,0.0571076961111111,0.7432777777777777,0.12613767694444444,0.3301,0.057282042500000005,0.5861777777777778,0.06223720694444445,-0.5288555555555556,0.13530150277777778,0.3697666666666667,0.1315092625,1638748029239.6667,1.1202017620179796e+19
900,253,0.5516,0.03970712250000001,0.7378,0.17985609499999994,0.3691,0.075651205,0.5913666666666667,0.09612131000000002,-0.5007222222222222,0.10392200194444444,0.3564555555555555,0.11159054777777777,1638748029272.0,1.1202017612781631e+19
900,254,0.48606666666666665,0.0833975,0.7382888888888889,0.11559471861111106,0.4257888888888889,0.08932594111111111,0.6265,0.12637073999999998,-0.4774777777777778,0.11725113694444445,0.3337555555555556,0.1053341002777778,1638748029304.3333,1.120201760538347e+19
900,255,0.3705333333333333,0.08981531499999998,0.6513333333333333,0.10646809999999998,0.39149999999999996,0.07879703999999998,0.6194333333333333,0.12081884000000001,-0.47198888888888885,0.1566436011111111,0.3739111111111111,0.0982642961111111,1638748029336.6667,1.120201759798503e+19
900,256,0.4161875,0.10539426982142859,0.582325,0.10712292785714286,0.358875,0.04126829642857143,0.6729,0.10912689428571429,-0.5270874999999999,0.26488154696428573,0.33099999999999996,0.10184093142857141,1638854893976.375,1.268484250491712e+19
900,257,0.42315,0.12257293999999999,0.5823875,0.0644925069642857,0.4034,0.03903211714285715,0.61315,0.09827876,-0.5633375,0.3532405398214286,0.3405125,0.09484520696428571,1638854894008.625,1.2684842496644995e+19
900,258,0.413825,0.13406756785714288,0.5547125,0.07431434982142857,0.3454125,0.012299784107142858,0.14930000000000004,1.5983325742857146,-0.6205,0.6722178857142858,0.3923875,0.13341620696428572,1638854894040.875,1.2684842488373586e+19
900,259,0.43693750000000003,0.10791749125000002,0.5874625,0.08293419410714285,0.325425,0.023507142142857134,0.3488,0.2922796742857143,-0.40295000000000003,0.1466595057142857,0.2762375,0.07971887410714286,1638854894073.125,1.2684842480101149e+19
900,260,0.47673750000000004,0.11802661982142858,0.6771625,0.13349166553571426,0.43433750000000004,0.14759859125000002,0.370575,0.345540425,-0.4940875,0.20658521267857144,0.27623749999999997,0.07225741696428571,1638854894105.375,1.2684842471829735e+19
900,261,0.4229,0.16056044,0.654875,0.17953579071428574,0.35914999999999997,0.1239147,0.4995625,0.1729294969642857,-0.401575,0.07768054214285713,0.21251250000000002,0.10434618696428574,1638854894137.625,1.2684842463557298e+19
900,262,0.4193571428571429,0.17173036952380952,0.6439714285714285,0.17487410571428574,0.3004285714285714,0.10736210571428569,0.5875,0.049763430000000004,-0.4068,0.09151919333333335,0.10858571428571427,0.15389152142857146,1638992310110.0,1.462274021889518e+19
900,263,0.45561428571428575,0.29123239476190477,0.6489428571428572,0.1171209161904762,0.26135714285714284,0.12838113619047617,0.7004285714285714,0.04791422571428572,-0.4457714285714286,0.0927726623809524,0.09702857142857142,0.16671803904761906,1638992310142.1428,1.4622740209519452e+19
900,264,0.5333714285714286,0.23057841238095236,0.6798285714285714,0.12251021904761905,0.24274285714285715,0.11692193952380954,0.7051428571428572,0.09134501952380951,-0.4911142857142857,0.10500974476190474,0.049557142857142876,0.1914548895238095,1638992310174.2856,1.4622740200143727e+19
900,265,0.5897285714285714,0.17139543238095237,0.6919142857142857,0.10318084809523809,0.22069999999999998,0.14278906999999996,0.7035571428571429,0.03800438285714285,-0.5064142857142857,0.11466535476190476,0.0678,0.1723467233333333,1638992310206.4285,1.4622740190767999e+19
900,266,0.5925142857142858,0.12244111142857145,0.7175,0.13906021333333335,0.22602857142857144,0.11366000904761904,0.7296142857142858,0.06324453809523807,-0.5275714285714286,0.10879828571428572,0.17002857142857142,0.1343521557142857,1638992310238.5715,1.4622740181391903e+19
900,267,0.666557142857143,0.1166985561904762,0.699,0.11842051000000002,0.2567285714285714,0.10527841904761905,0.7835285714285715,0.07638106571428571,-0.5867571428571429,0.10181649619047621,0.23585714285714285,0.1693255861904762,1638992310270.7144,1.462274017201618e+19
900,268,0.6551142857142856,0.08401195142857144,0.7017,0.10211173333333334,0.27312857142857144,0.09209098904761903,0.8140571428571428,0.11196026952380951,-0.6635714285714285,0.12817533904761905,0.3026714285714286,0.2089839257142857,1638992310302.8572,1.4622740162640452e+19
900,269,0.6455428571428571,0.07950677619047618,0.6711285714285714,0.09844986238095238,0.32661428571428575,0.08550218142857142,0.7858714285714284,0.10161121238095239,-0.6924428571428571,0.11957458619047623,0.3087571428571429,0.1345975128571429,1638992310335.0,1.4622740153264724e+19
900,270,0.5723714285714286,0.12870746904761907,0.6792999999999999,0.08061988000000002,0.26251428571428576,0.11861358809523809,0.7244285714285714,0.06953812238095237,-0.7011571428571429,0.09736608952380953,0.21524285714285715,0.21515420285714285,1638992310367.1428,1.4622740143888998e+19
900,271,0.5500428571428572,0.0785042561904762,0.7126428571428571,0.07689703285714285,0.2793285714285714,0.11521947238095238,0.7185142857142858,0.05254271476190476,-0.7265285714285714,0.15504170571428572,0.21565714285714285,0.2239408461904762,1638992310399.2856,1.462274013451327e+19
900,272,0.5497714285714286,0.06533728238095236,0.7115999999999999,0.05233467333333334,0.31852857142857144,0.08807861904761904,0.7091714285714286,0.057219105714285734,-0.6913,0.1215731633333333,0.2592,0.15415825333333336,1638992310431.4285,1.4622740125137545e+19
900,273,0.5597142857142857,0.0744523180952381,0.7323285714285716,0.04352334904761906,0.2839714285714286,0.07373135238095237,0.734,0.04125824333333333,-0.6466714285714286,0.0733283257142857,0.21639999999999998,0.20085969333333334,1638992310463.5715,1.4622740115761447e+19
900,274,0.4965285714285714,0.031113912380952388,0.7418714285714286,0.06457475571428574,0.3129857142857143,0.06017947809523808,0.6262428571428572,0.052115756190476176,-0.6632285714285714,0.08904310238095238,0.23959999999999998,0.20575487666666667,1638992310495.7144,1.4622740106385721e+19
900,275,0.48924285714285715,0.032581986190476205,0.7315142857142857,0.08001588809523806,0.2625571428571429,0.08117642952380953,0.5142285714285715,0.07385129238095238,-0.6712285714285714,0.10825500238095238,0.29481428571428575,0.30615257476190477,1638992310527.8572,1.4622740097009998e+19
900,276,0.5562142857142857,0.03102845476190476,0.8110142857142858,0.12041744476190479,0.24234285714285717,0.10969621619047619,0.5063000000000001,0.07124400000000002,-0.6260571428571428,0.10324341285714288,0.2115857142857143,0.21113591809523805,1638992310560.0,1.462274008763427e+19
900,277,0.5096,0.03760651666666667,0.8610857142857142,0.1488118280952381,0.2799857142857143,0.0779316980952381,0.4898142857142857,0.08152431476190476,-0.6557571428571428,0.1427950661904762,0.3619428571428571,0.23895794952380955,1638992310592.1428,1.4622740078258543e+19
900,278,0.5171285714285714,0.05371492571428573,0.8278857142857142,0.07394370476190476,0.23677142857142858,0.10969532904761903,0.5026142857142857,0.09209578142857143,-0.6473142857142857,0.1499524180952381,0.37592857142857145,0.252016289047619,1638992310624.2856,1.4622740068882815e+19
900,279,0.6280333333333333,0.09842290266666665,0.8051833333333334,0.06534542166666665,0.19945,0.10583932700000001,0.5174166666666666,0.09696254966666666,-0.6230333333333333,0.16092064666666667,0.30783333333333335,0.18925743466666664,1638729149544.1667,1.696555639495001e+19
900,280,0.57785,0.12874111100000002,0.74825,0.11225164699999998,0.3046333333333333,0.07199799066666666,0.5539,0.078817592,-0.5999,0.12771416800000002,0.2880333333333333,0.20170971866666668,1638729149576.6667,1.696555638527804e+19
900,281,0.5167166666666666,0.12577854166666666,0.6826166666666666,0.13606948166666666,0.33068333333333333,0.09399324566666664,0.6072833333333333,0.06604826166666666,-0.5764166666666667,0.1035719176666667,0.2396,0.18169291999999998,1638729149609.1667,1.6965556375606073e+19
900,282,0.5930166666666666,0.11722031766666667,0.6520833333333333,0.16728494566666668,0.3097833333333333,0.09645432966666667,0.6396833333333333,0.06318293366666668,-0.5401,0.08267439200000001,0.18103333333333335,0.14379371466666666,1638729149641.6667,1.6965556365934105e+19
900,283,0.34651666666666664,0.5914824336666666,0.58295,0.12112684700000001,0.37055,0.063774735,0.6627500000000001,0.06880172700000001,-0.5199333333333334,0.07984715866666665,0.18533333333333335,0.14643165066666666,1638729149674.1667,1.6965556356262134e+19
900,284,0.46753333333333336,0.2981577506666667,0.5631833333333334,0.10031646566666667,0.3896,0.07717522800000001,0.6819000000000001,0.06849474800000001,-0.49351666666666666,0.06954391766666668,0.16896666666666668,0.13823260666666667,1638729149706.6667,1.6965556346590167e+19
900,285,0.5165333333333334,0.19674149466666668,0.6121166666666666,0.11222178966666665,0.3731166666666667,0.07928392166666665,0.7012,0.07216148,-0.4439333333333333,0.06632877866666666,0.1678333333333333,0.1385288106666667,1638729149739.1667,1.6965556336918196e+19
900,286,0.5764666666666667,0.18738073066666666,0.54235,0.094749427,0.34064999999999995,0.140520899,0.7041666666666666,0.06104730266666667,-0.4257166666666667,0.06679289366666666,0.1830166666666667,0.15919687366666666,1638729149771.6667,1.696555632724623e+19
900,287,0.7601600000000001,0.15453985300000003,0.47572000000000003,0.09213163700000002,0.12254000000000001,0.13223341300000002,0.7592000000000001,0.08968616500000001,-0.4391999999999999,0.09362435,0.08368,0.11149440699999998,1638896326678.6,2.0997334591878046e+19
900,288,0.94744,0.12221324299999997,0.50624,0.116333033,0.13094,0.155115133,0.84282,0.130559637,-0.46778,0.10684644699999998,0.11104,0.099982208,1638896326711.0,2.099733458003909e+19
900,289,0.78696,0.06627192800000001,0.45906,0.13270480300000004,0.22492,0.10610831700000001,0.7952,0.07983657999999998,-0.46968,0.087182372,0.13484,0.10758818300000003,1638896326743.4,2.0997334568200135e+19
900,290,0.69956,0.04210896299999999,0.37676,0.15448660299999997,0.27077999999999997,0.15449920699999997,0.75446,0.061240987999999996,-0.46606,0.07564235299999998,0.14418,0.09868142699999999,1638896326775.8,2.099733455636058e+19
900,291,0.71994,0.04294917300000001,0.41457999999999995,0.14096714200000002,0.24242,0.19112478700000002,0.7369,0.06737705499999998,-0.47698,0.097437632,0.15553999999999998,0.10086090800000001,1638896326808.2,2.0997334544521626e+19
900,292,0.70484,0.11399052799999997,0.48262,0.13941596200000003,0.2303,0.156059155,0.71082,0.04342162699999999,-0.42426,0.10530460300000001,0.16146,0.10292652799999999,1638896326840.6,2.099733453268207e+19
900,293,0.5687599999999999,0.021231538,0.5647599999999999,0.142053203,0.28152,0.11517559700000002,0.74488,0.04899577700000001,-0.41174,0.125241738,0.19142,0.098572372,1638896326873.0,2.0997334520843112e+19
900,294,0.55142,0.055662526999999996,0.51786,0.10792214300000001,0.29148,0.13970153200000004,0.71198,0.037392387,-0.41109999999999997,0.133987675,0.20090000000000002,0.11375122,1638896326905.4,2.099733450900416e+19
900,295,0.5604199999999999,0.054236811999999995,0.52726,0.08935456800000001,0.28837999999999997,0.15628282699999999,0.7172799999999999,0.030507277,-0.47076,0.106567288,0.26714000000000004,0.09647880800000001,1638896326937.8,2.0997334497164603e+19
900,296,0.43492,0.036611527000000005,0.59102,0.064073927,0.32862,0.14178191700000004,0.6697200000000001,0.037722971999999994,-0.50686,0.11597144300000002,0.26482,0.087041347,1638896326970.2,2.0997334485325648e+19
900,297,0.31438,0.017649787000000004,0.6361,0.064375505,0.43789999999999996,0.227365965,0.6573800000000001,0.04524878699999999,-0.49632,0.11028184199999999,0.27152000000000004,0.09247063699999998,1638896327002.6,2.0997334473486094e+19
900,298,0.29734,0.079392013,0.73474,0.12296669799999999,0.39558,0.191071467,0.62162,0.030987766999999992,-0.50706,0.116201008,0.28738,0.082645032,1638896327035.0,2.099733446164714e+19
900,299,0.4102,0.13046568500000003,0.7410599999999999,0.13931211799999998,0.4154,0.174903055,0.5570999999999999,0.070665955,-0.55584,0.156485333,0.29247999999999996,0.071329747,1638896327067.4,2.0997334449808183e+19
900,300,0.25255,0.07975956333333334,0.778025,0.12750954916666665,0.40165,0.11296486333333333,0.489975,0.08285563583333334,-0.7255750000000001,0.12187737583333332,0.24559999999999998,0.04856744666666666,1639362196973.75,2.6549547654263656e+19
900,301,0.3052,0.12324999333333335,0.735025,0.07764754916666669,0.379375,0.10821411583333333,0.545525,0.04409618916666667,-0.718125,0.13069266250000003,0.23175,0.07151141666666667,1639362197006.0,2.6549547639409803e+19
900,302,0.32535,0.20323949666666666,0.67075,0.08110482999999999,0.36982499999999996,0.14102907583333332,0.6460999999999999,0.07562979333333332,-0.7103,0.10565456666666669,0.274825,0.025626829166666667,1639362197038.25,2.654954762455595e+19
900,303,0.25987499999999997,0.3954846758333333,0.69755,0.12152708333333333,0.461775,0.1814480825,0.649,0.09957352000000003,-0.71225,0.08369203000000001,0.34545,0.022533883333333334,1639362197070.5,2.6549547609702093e+19
900,304,0.474,0.12839671,0.7237999999999999,0.08023448999999996,0.5004,0.16200416999999998,0.6617333333333333,0.07988302333333333,-0.6338666666666667,0.09345800333333333,0.2773333333333333,0.044241623333333334,1639851075954.0,3.839030620507524e+19
900,305,0.5219,0.18960501,0.7737333333333334,0.04327445333333335,0.5583666666666667,0.17228681333333334,0.6863999999999999,0.11148607,-0.6469,0.08593129000000002,0.2919333333333333,0.046014263333333326,1639851075986.0,3.83903061842611e+19
900,306,0.6473500000000001,0.30412200500000003,0.7308,0.16496768,0.25095,0.0038984449999999956,0.7636000000000001,0.27468872000000005,-0.6164499999999999,0.14998764499999995,0.29810000000000003,0.031100179999999995,1642341882164.0,3.955592078518568e+19
900,307,1.05585,1.0753111249999998,0.64225,0.311181605,0.25405,0.0008862050000000005,0.6768,0.11877938000000002,-0.5971,0.15202097999999997,0.27345,0.032589045000000004,1642341882195.5,3.955592075850222e+19
900,308,0.79095,0.384301445,0.55365,0.406170845,0.2706,0.007032980000000005,0.5959,0.03527168000000001,-0.6115999999999999,0.21307391999999992,0.23585,0.038170844999999995,1642341882227.0,3.955592073181877e+19
900,309,0.5182,0.06552200000000002,0.52125,0.405630245,0.18095,0.015190245000000002,0.7011499999999999,0.024886805000000005,-0.6047,0.25375687999999996,0.34735,0.0012852449999999984,1642341882258.5,3.955592070513532e+19
900,310,0.34709999999999996,0.0004089800000000012,0.49845,0.474825125,0.1545,0.007762579999999999,0.65265,6.612499999999884e-05,-0.60085,0.29868720499999996,0.37949999999999995,0.00047431999999999894,1642341882290.0,3.955592067845187e+19
900,311,0.33304999999999996,0.0002311249999999998,0.5751,0.3228864799999999,0.23995,6.84499999999993e-06,0.5416,0.004841279999999996,-0.57885,0.303186845,0.21095,0.026060445,1642341882321.5,3.9555920651768414e+19
900,312,0.37934999999999997,4.5125000000000345e-05,0.65405,0.184285205,0.3577,0.04321800000000001,0.5769,0.0018605000000000067,-0.7016,0.27217442000000003,0.3288,0.011796480000000007,1642341882353.0,3.9555920625084965e+19
900,313,0.3983,0.0011045000000000007,0.7574000000000001,0.05992722,0.43965,0.08891544499999998,0.52585,0.022029005,-0.7822,0.11868192000000004,0.44655,0.01903200500000001,1642341882384.5,3.9555920598401516e+19
900,314,0.49360000000000004,0.027284480000000007,0.8351999999999999,0.013579519999999982,0.45325,0.08681944499999998,0.42535,0.024842205000000016,-0.8161,0.06265800000000002,0.43115000000000003,0.07042504499999999,1642341882416.0,3.955592057171807e+19
900,315,0.4105,0.002366720000000004,0.8673500000000001,0.0042044450000000054,0.49779999999999996,0.18592801999999997,0.43174999999999997,0.000160205,-0.8438,0.07542728000000003,0.3389,0.14949511999999998,1642341882447.5,3.955592054503461e+19
900,316,0.47595,0.00010224499999999971,0.97895,0.0027306050000000057,0.5644,0.27706568,0.3997,0.016416720000000006,-0.903,0.019286480000000026,0.37570000000000003,0.23079218000000004,1642341882479.0,3.955592051835116e+19
900,317,0.462,,0.9691,,0.2725,,0.2138,,-0.9943,,0.108,,1637894640641.0,
900,318,0.409,,0.9117,,0.201,,0.2168,,-0.9328,,0.1666,,1637894640674.0,
900,319,0.5235,,0.9313,,0.1246,,0.2199,,-0.9453,,0.1449,,1637894640707.0,
900,320,0.6117,,0.9574,,0.0791,,0.2392,,-0.9245,,0.1273,,1637894640740.0,
900,321,0.5135,,0.9088,,-0.0624,,0.2734,,-0.8598,,0.1458,,1637894640773.0,
900,322,0.3805,,0.9576,,-0.0365,,0.3198,,-0.8879,,0.1356,,1637894640806.0,
900,323,0.4566,,0.9437,,-0.0514,,0.3027,,-0.8557,,0.1551,,1637894640839.0,
900,324,0.5362,,0.9034,,-0.2057,,0.3352,,-0.8964,,0.1349,,1637894640872.0,
900,325,0.5731,,0.9161,,-0.2098,,0.3486,,-0.8664,,0.14,,1637894640905.0,
900,326,0.3824,,0.9025,,-0.0328,,0.4045,,-0.8361,,0.1969,,1637894640938.0,
900,327,0.4974,,0.868,,-0.1163,,0.3784,,-0.8261,,0.1942,,1637894640971.0,
900,328,0.6602,,0.8624,,-0.1034,,0.4856,,-0.8364,,0.1781,,1637894641004.0,
900,329,0.5814,,0.8617,,0.0091,,0.6062,,-0.8327,,0.2381,,1637894641037.0,
900,330,0.6329,,0.8226,,0.0569,,0.6115,,-0.8151,,0.1993,,1637894641070.0,
900,331,0.7044,,0.7926,,0.0784,,0.6955,,-0.8173,,0.1839,,1637894641103.0,
900,332,0.7476,,0.7653,,0.1148,,0.6718,,-0.7766,,0.2306,,1637894641136.0,
900,333,0.7127,,0.7145,,0.2261,,0.6816,,-0.7453,,0.2423,,1637894641169.0,
900,334,0.7694,,0.734,,0.2447,,0.7741,,-0.7048,,0.1241,,1637894641202.0,
900,335,0.7799,,0.7079,,0.2315,,0.7968,,-0.6884,,0.1624,,1637894641235.0,
900,336,1.0211,,0.747,,0.3538,,0.7165,,-0.6369,,0.1673,,1637894641268.0,
900,337,0.87,,0.61,,0.3887,,0.8589,,-0.6233,,0.0953,,1637894641301.0,
900,338,0.744,,0.5726,,0.4351,,0.8733,,-0.5798,,0.1463,,1637894641334.0,
900,339,0.7296,,0.5909,,0.4078,,0.7524,,-0.5498,,0.1468,,1637894641367.0,
900,340,0.814,,0.6337,,0.3448,,0.6284,,-0.5171,,0.1195,,1637894641400.0,
900,341,0.8514,,0.7206,,0.3096,,0.6743,,-0.5752,,0.1412,,1637894641433.0,
900,342,0.7352,,0.5682,,0.1973,,0.8298,,-0.7492,,0.0887,,1637894641466.0,
900,343,0.6602,,0.4171,,0.1836,,0.7588,,-0.7627,,0.0843,,1637894641499.0,
900,344,0.6329,,0.3685,,0.2107,,0.7492,,-0.6748,,0.0851,,1637894641532.0,
900,345,0.6519,,0.3932,,0.1558,,0.6953,,-0.5864,,0.0536,,1637894641565.0,
900,346,0.6385,,0.3497,,0.0906,,0.6037,,-0.5644,,0.0455,,1637894641598.0,
900,347,0.6888,,0.3639,,0.1954,,0.6189,,-0.5542,,0.0567,,1637894641631.0,
900,348,0.7882,,0.4716,,0.285,,0.6579,,-0.5571,,0.0161,,1637894641664.0,
900,349,0.8309,,0.5187,,0.2447,,0.7409,,-0.6562,,0.0604,,1637894641697.0,
900,350,0.7821,,0.4833,,0.3062,,0.8432,,-0.7548,,0.1644,,1637894641730.0,
900,351,0.7008,,0.4452,,0.3504,,0.8266,,-0.6587,,0.2806,,1637894641763.0,
900,352,0.6641,,0.4752,,0.3589,,0.6911,,-0.5857,,0.264,,1637894641796.0,
900,353,0.6312,,0.5392,,0.3548,,0.7641,,-0.5837,,0.2498,,1637894641829.0,
900,354,0.6776,,0.6171,,0.4021,,0.8154,,-0.5976,,0.3609,,1637894641862.0,
900,355,0.7259,,0.7191,,0.4446,,0.7019,,-0.6228,,0.3358,,1637894641895.0,
900,356,0.7005,,0.7887,,0.337,,0.7983,,-0.6218,,0.3707,,1637894641928.0,
900,357,0.7977,,0.8639,,0.3577,,0.8628,,-0.6801,,0.4373,,1637894641961.0,
900,358,0.7093,,0.7919,,0.3497,,0.7756,,-0.6816,,0.4112,,1637894641994.0,
900,359,0.6219,,0.7313,,0.3084,,0.7292,,-0.6291,,0.3888,,1637894642027.0,
900,360,0.692,,0.7697,,0.313,,0.7387,,-0.6123,,0.4486,,1637894642060.0,
900,361,0.6778,,0.7648,,0.3404,,0.6718,,-0.551,,0.4542,,1637894642093.0,
900,362,0.7135,,0.6981,,0.3352,,0.718,,-0.4709,,0.5255,,1637894642126.0,
900,363,0.8106,,0.6041,,0.3309,,0.6809,,-0.4421,,0.6471,,1637894642159.0,
900,364,0.8621,,0.5199,,0.3299,,0.5891,,-0.4345,,0.5836,,1637894642192.0,
900,365,0.6554,,0.6124,,0.3826,,0.6367,,-0.4692,,0.5858,,1637894642225.0,
900,366,0.6295,,0.7059,,0.345,,0.6694,,-0.4829,,0.6261,,1637894642258.0,
900,367,0.5452,,0.7318,,0.2908,,0.5554,,-0.5395,,0.5858,,1637894642291.0,
900,368,0.661,,0.8429,,0.41,,0.5012,,-0.6616,,0.4732,,1637894642324.0,
900,369,0.6495,,0.973,,0.3611,,0.4829,,-0.8193,,0.5868,,1637894642357.0,
900,370,0.5116,,0.8898,,0.2308,,0.6054,,-0.8659,,0.5177,,1637894642390.0,
900,371,0.3575,,0.8434,,0.3316,,0.3972,,-0.7942,,0.379,,1637894642423.0,
900,372,0.4285,,0.8417,,0.3982,,0.1284,,-0.7954,,0.3846,,1637894642456.0,
900,373,0.4537,,0.7404,,0.3428,,0.2605,,-0.7893,,0.4383,,1637894642489.0,
900,374,0.2149,,0.6661,,0.3894,,0.3447,,-0.7321,,0.4654,,1637894642522.0,
900,375,0.4266,,0.6366,,0.5987,,0.3244,,-0.7639,,0.4925,,1637894642555.0,
900,376,0.3631,,0.6188,,0.6197,,0.3076,,-0.7695,,0.5333,,1637894642588.0,
900,377,0.4683,,0.692,,0.5664,,0.3086,,-0.7187,,0.5531,,1637894642621.0,
900,378,0.2183,,0.7628,,0.6175,,0.3091,,-0.7351,,0.5497,,1637894642654.0,
900,379,0.3592,,0.88,,0.6448,,0.2165,,-0.8232,,0.6788,,1637894642687.0,
900,380,0.0606,,0.8241,,0.4576,,0.4072,,-0.7397,,0.6822,,1637894642720.0,
900,381,0.231,,0.8878,,0.6551,,0.3452,,-0.6997,,0.4974,,1637894642753.0,
